Effective date ,Dow Jones Commodity Index Gold TR,,,,,,,,
2013/4/30,477.71,,,,,,,,
2013/5/1,469.31,,,,,,,,
2013/5/2,476.25,,,,,,,,
2013/5/3,475.15,,,,,,,,
2013/5/6,476.38,,,,,,,,
2013/5/7,470.15,,,,,,,,
2013/5/8,478.23,,,,,,,,
2013/5/9,476.55,,,,,,,,
2013/5/10,466.16,,,,,,,,
2013/5/13,465.41,,,,,,,,
2013/5/14,462.24,,,,,,,,
2013/5/15,453.06,,,,,,,,
2013/5/16,450.05,,,,,,,,
2013/5/17,442.85,,,,,,,,
2013/5/20,449.14,,,,,,,,
2013/5/21,447,,,,,,,,
2013/5/22,443.63,,,,,,,,
2013/5/23,451.54,,,,,,,,
2013/5/24,449.82,,,,,,,,
2013/5/28,447.3,,,,,,,,
2013/5/29,451.22,,,,,,,,
2013/5/30,457.77,,,,,,,,
2013/5/31,451.61,,,,,,,,
2013/6/3,457.74,,,,,,,,
2013/6/4,452.98,,,,,,,,
2013/6/5,453.4,,,,,,,,
2013/6/6,459.01,,,,,,,,
2013/6/7,448.37,,,,,,,,
2013/6/10,449.35,,,,,,,,
2013/6/11,446.43,,,,,,,,
2013/6/12,451.29,,,,,,,,
2013/6/13,446.69,,,,,,,,
2013/6/14,449.87,,,,,,,,
2013/6/17,448.41,,,,,,,,
2013/6/18,443.16,,,,,,,,
2013/6/19,445.46,,,,,,,,
2013/6/20,417,,,,,,,,
2013/6/21,418.88,,,,,,,,
2013/6/24,414.05,,,,,,,,
2013/6/25,413.4,,,,,,,,
2013/6/26,398.72,,,,,,,,
2013/6/27,392.82,,,,,,,,
2013/6/28,396.74,,,,,,,,
2013/7/1,407.12,,,,,,,,
2013/7/2,403.13,,,,,,,,
2013/7/3,405.88,,,,,,,,
2013/7/5,393.18,,,,,,,,
2013/7/8,400.38,,,,,,,,
2013/7/9,403.94,,,,,,,,
2013/7/10,404.42,,,,,,,,
2013/7/11,414.92,,,,,,,,
2013/7/12,414.15,,,,,,,,
2013/7/15,416.03,,,,,,,,
2013/7/16,418.17,,,,,,,,
2013/7/17,413.9,,,,,,,,
2013/7/18,416.06,,,,,,,,
2013/7/19,418.82,,,,,,,,
2013/7/22,432.83,,,,,,,,
2013/7/23,432.15,,,,,,,,
2013/7/24,427.27,,,,,,,,
2013/7/25,430.31,,,,,,,,
2013/7/26,427.85,,,,,,,,
2013/7/29,430.34,,,,,,,,
2013/7/30,428.79,,,,,,,,
2013/7/31,424.97,,,,,,,,
2013/8/1,424.39,,,,,,,,
2013/8/2,424.16,,,,,,,,
2013/8/5,421.54,,,,,,,,
2013/8/6,415.1,,,,,,,,
2013/8/7,416.01,,,,,,,,
2013/8/8,423.97,,,,,,,,
2013/8/9,424.72,,,,,,,,
2013/8/12,431.84,,,,,,,,
2013/8/13,427.4,,,,,,,,
2013/8/14,431.58,,,,,,,,
2013/8/15,440.48,,,,,,,,
2013/8/16,443.75,,,,,,,,
2013/8/19,442.04,,,,,,,,
2013/8/20,444.27,,,,,,,,
2013/8/21,443.46,,,,,,,,
2013/8/22,443.69,,,,,,,,
2013/8/23,451.78,,,,,,,,
2013/8/26,450.91,,,,,,,,
2013/8/27,459.68,,,,,,,,
2013/8/28,459.23,,,,,,,,
2013/8/29,457.32,,,,,,,,
2013/8/30,451.88,,,,,,,,
2013/9/3,457.03,,,,,,,,
2013/9/4,449.91,,,,,,,,
2013/9/5,444.41,,,,,,,,
2013/9/6,448.78,,,,,,,,
2013/9/9,448.85,,,,,,,,
2013/9/10,441.5,,,,,,,,
2013/9/11,441.43,,,,,,,,
2013/9/12,430.69,,,,,,,,
2013/9/13,423.57,,,,,,,,
2013/9/16,426.55,,,,,,,,
2013/9/17,423.83,,,,,,,,
2013/9/18,423.24,,,,,,,,
2013/9/19,443.22,,,,,,,,
2013/9/20,431.3,,,,,,,,
2013/9/23,429.52,,,,,,,,
2013/9/24,426.06,,,,,,,,
2013/9/25,432.5,,,,,,,,
2013/9/26,428.59,,,,,,,,
2013/9/27,433.47,,,,,,,,
2013/9/30,429.53,,,,,,,,
2013/10/1,416.29,,,,,,,,
2013/10/2,427.49,,,,,,,,
2013/10/3,426.48,,,,,,,,
2013/10/4,423.99,,,,,,,,
2013/10/7,428.91,,,,,,,,
2013/10/8,428.75,,,,,,,,
2013/10/9,423.12,,,,,,,,
2013/10/10,419.78,,,,,,,,
2013/10/11,410.5,,,,,,,,
2013/10/14,413.22,,,,,,,,
2013/10/15,412.12,,,,,,,,
2013/10/16,415.06,,,,,,,,
2013/10/17,428.24,,,,,,,,
2013/10/18,425.52,,,,,,,,
2013/10/21,425.91,,,,,,,,
2013/10/22,434.59,,,,,,,,
2013/10/23,431.81,,,,,,,,
2013/10/24,437.08,,,,,,,,
2013/10/25,437.8,,,,,,,,
2013/10/28,437.7,,,,,,,,
2013/10/29,435.53,,,,,,,,
2013/10/30,436.76,,,,,,,,
2013/10/31,428.48,,,,,,,,
2013/11/1,425.08,,,,,,,,
2013/11/4,425.56,,,,,,,,
2013/11/5,423.43,,,,,,,,
2013/11/6,426.57,,,,,,,,
2013/11/7,423.56,,,,,,,,
2013/11/8,415.83,,,,,,,,
2013/11/11,414.7,,,,,,,,
2013/11/12,411.5,,,,,,,,
2013/11/13,410.59,,,,,,,,
2013/11/14,416.35,,,,,,,,
2013/11/15,416.68,,,,,,,,
2013/11/18,411.79,,,,,,,,
2013/11/19,412.18,,,,,,,,
2013/11/20,407.17,,,,,,,,
2013/11/21,402.45,,,,,,,,
2013/11/22,402.55,,,,,,,,
2013/11/25,401.58,,,,,,,,
2013/11/26,401.55,,,,,,,,
2013/11/27,400.38,,,,,,,,
2013/11/29,404.43,,,,,,,,
2013/12/2,395.21,,,,,,,,
2013/12/3,394.86,,,,,,,,
2013/12/4,403.4,,,,,,,,
2013/12/5,398.45,,,,,,,,
2013/12/6,397.51,,,,,,,,
2013/12/9,399.2,,,,,,,,
2013/12/10,407.9,,,,,,,,
2013/12/11,406.64,,,,,,,,
2013/12/12,396.19,,,,,,,,
2013/12/13,399.33,,,,,,,,
2013/12/16,402.5,,,,,,,,
2013/12/17,397.88,,,,,,,,
2013/12/18,399.46,,,,,,,,
2013/12/19,386.07,,,,,,,,
2013/12/20,389.34,,,,,,,,
2013/12/23,387.18,,,,,,,,
2013/12/24,389.21,,,,,,,,
2013/12/26,392.13,,,,,,,,
2013/12/27,392.68,,,,,,,,
2013/12/30,389.38,,,,,,,,
2013/12/31,388.9,,,,,,,,
2014/1/2,396.31,,,,,,,,
2014/1/3,400.64,,,,,,,,
2014/1/6,400.45,,,,,,,,
2014/1/7,397.73,,,,,,,,
2014/1/8,396.41,,,,,,,,
2014/1/9,397.66,,,,,,,,
2014/1/10,403.33,,,,,,,,
2014/1/13,404.71,,,,,,,,
2014/1/14,402.85,,,,,,,,
2014/1/15,400.52,,,,,,,,
2014/1/16,401.1,,,,,,,,
2014/1/17,404.88,,,,,,,,
2014/1/21,401.56,,,,,,,,
2014/1/22,400.49,,,,,,,,
2014/1/23,408.18,,,,,,,,
2014/1/24,408.83,,,,,,,,
2014/1/27,408.51,,,,,,,,
2014/1/28,404.31,,,,,,,,
2014/1/29,408.09,,,,,,,,
2014/1/30,401.72,,,,,,,,
2014/1/31,400.85,,,,,,,,
2014/2/3,407.35,,,,,,,,
2014/2/4,404.54,,,,,,,,
2014/2/5,406.38,,,,,,,,
2014/2/6,406.48,,,,,,,,
2014/2/7,408.32,,,,,,,,
2014/2/10,412.14,,,,,,,,
2014/2/11,417.02,,,,,,,,
2014/2/12,418.7,,,,,,,,
2014/2/13,420.35,,,,,,,,
2014/2/14,426.34,,,,,,,,
2014/2/18,428.22,,,,,,,,
2014/2/19,426.92,,,,,,,,
2014/2/20,425.79,,,,,,,,
2014/2/21,427.96,,,,,,,,
2014/2/24,432.62,,,,,,,,
2014/2/25,434.14,,,,,,,,
2014/2/26,429.38,,,,,,,,
2014/2/27,430.61,,,,,,,,
2014/2/28,427.32,,,,,,,,
2014/3/3,436.6,,,,,,,,
2014/3/4,432.59,,,,,,,,
2014/3/5,433.37,,,,,,,,
2014/3/6,437.08,,,,,,,,
2014/3/7,432.69,,,,,,,,
2014/3/10,433.76,,,,,,,,
2014/3/11,435.44,,,,,,,,
2014/3/12,443.11,,,,,,,,
2014/3/13,443.73,,,,,,,,
2014/3/14,445.86,,,,,,,,
2014/3/17,443.89,,,,,,,,
2014/3/18,439.37,,,,,,,,
2014/3/19,433.68,,,,,,,,
2014/3/20,430.19,,,,,,,,
2014/3/21,431.9,,,,,,,,
2014/3/24,423.85,,,,,,,,
2014/3/25,423.95,,,,,,,,
2014/3/26,421.37,,,,,,,,
2014/3/27,418.59,,,,,,,,
2014/3/28,418.43,,,,,,,,
2014/3/31,415.03,,,,,,,,
2014/4/1,413.8,,,,,,,,
2014/4/2,417.3,,,,,,,,
2014/4/3,415.29,,,,,,,,
2014/4/4,421.4,,,,,,,,
2014/4/7,419.72,,,,,,,,
2014/4/8,423.22,,,,,,,,
2014/4/9,422.18,,,,,,,,
2014/4/10,426.9,,,,,,,,
2014/4/11,426.42,,,,,,,,
2014/4/14,429.17,,,,,,,,
2014/4/15,420.37,,,,,,,,
2014/4/16,421.41,,,,,,,,
2014/4/17,418.3,,,,,,,,
2014/4/21,416.56,,,,,,,,
2014/4/22,414.17,,,,,,,,
2014/4/23,415.3,,,,,,,,
2014/4/24,417.24,,,,,,,,
2014/4/25,420.54,,,,,,,,
2014/4/28,419.96,,,,,,,,
2014/4/29,419.09,,,,,,,,
2014/4/30,418.96,,,,,,,,
2014/5/1,414.92,,,,,,,,
2014/5/2,421.22,,,,,,,,
2014/5/5,423.29,,,,,,,,
2014/5/6,423.06,,,,,,,,
2014/5/7,416.69,,,,,,,,
2014/5/8,416.31,,,,,,,,
2014/5/9,416.26,,,,,,,,
2014/5/12,418.89,,,,,,,,
2014/5/13,418.6,,,,,,,,
2014/5/14,422.19,,,,,,,,
2014/5/15,418.21,,,,,,,,
2014/5/16,418.11,,,,,,,,
2014/5/19,418.24,,,,,,,,
2014/5/20,418.5,,,,,,,,
2014/5/21,416.4,,,,,,,,
2014/5/22,418.63,,,,,,,,
2014/5/23,417.57,,,,,,,,
2014/5/27,409.1,,,,,,,,
2014/5/28,407.16,,,,,,,,
2014/5/29,406.32,,,,,,,,
2014/5/30,402.73,,,,,,,,
2014/6/2,402.09,,,,,,,,
2014/6/3,402.25,,,,,,,,
2014/6/4,402.18,,,,,,,,
2014/6/5,405.09,,,,,,,,
2014/6/6,404.84,,,,,,,,
2014/6/9,405.29,,,,,,,,
2014/6/10,407.29,,,,,,,,
2014/6/11,407.65,,,,,,,,
2014/6/12,411.79,,,,,,,,
2014/6/13,411.82,,,,,,,,
2014/6/16,412.21,,,,,,,,
2014/6/17,411.14,,,,,,,,
2014/6/18,411.37,,,,,,,,
2014/6/19,424.75,,,,,,,,
2014/6/20,425.56,,,,,,,,
2014/6/23,426.14,,,,,,,,
2014/6/24,427.08,,,,,,,,
2014/6/25,427.5,,,,,,,,
2014/6/26,425.69,,,,,,,,
2014/6/27,426.66,,,,,,,,
2014/6/30,427.31,,,,,,,,
2014/7/1,428.8,,,,,,,,
2014/7/2,430.19,,,,,,,,
2014/7/3,426.86,,,,,,,,
2014/7/7,425.7,,,,,,,,
2014/7/8,425.53,,,,,,,,
2014/7/9,428.08,,,,,,,,
2014/7/10,432.88,,,,,,,,
2014/7/11,432.32,,,,,,,,
2014/7/14,422.38,,,,,,,,
2014/7/15,419.28,,,,,,,,
2014/7/16,420.18,,,,,,,,
2014/7/17,425.73,,,,,,,,
2014/7/18,423.31,,,,,,,,
2014/7/21,424.77,,,,,,,,
2014/7/22,422.35,,,,,,,,
2014/7/23,421.86,,,,,,,,
2014/7/24,417.41,,,,,,,,
2014/7/25,421.47,,,,,,,,
2014/7/28,421.64,,,,,,,,
2014/7/29,419.93,,,,,,,,
2014/7/30,418.76,,,,,,,,
2014/7/31,414.21,,,,,,,,
2014/8/1,418.09,,,,,,,,
2014/8/4,416.18,,,,,,,,
2014/8/5,415.02,,,,,,,,
2014/8/6,422.42,,,,,,,,
2014/8/7,423.8,,,,,,,,
2014/8/8,423.32,,,,,,,,
2014/8/11,423.16,,,,,,,,
2014/8/12,423.19,,,,,,,,
2014/8/13,424.45,,,,,,,,
2014/8/14,424.84,,,,,,,,
2014/8/15,421.77,,,,,,,,
2014/8/18,419.55,,,,,,,,
2014/8/19,418.71,,,,,,,,
2014/8/20,418.22,,,,,,,,
2014/8/21,411.83,,,,,,,,
2014/8/22,413.38,,,,,,,,
2014/8/25,412.96,,,,,,,,
2014/8/26,414.99,,,,,,,,
2014/8/27,414.41,,,,,,,,
2014/8/28,416.67,,,,,,,,
2014/8/29,415.71,,,,,,,,
2014/9/2,408.47,,,,,,,,
2014/9/3,410.19,,,,,,,,
2014/9/4,408.96,,,,,,,,
2014/9/5,409.22,,,,,,,,
2014/9/8,405.02,,,,,,,,
2014/9/9,403.15,,,,,,,,
2014/9/10,402.12,,,,,,,,
2014/9/11,400.08,,,,,,,,
2014/9/12,397.66,,,,,,,,
2014/9/15,398.82,,,,,,,,
2014/9/16,399.34,,,,,,,,
2014/9/17,399.08,,,,,,,,
2014/9/18,396.18,,,,,,,,
2014/9/19,392.85,,,,,,,,
2014/9/22,393.27,,,,,,,,
2014/9/23,394.59,,,,,,,,
2014/9/24,393.79,,,,,,,,
2014/9/25,394.56,,,,,,,,
2014/9/26,392.46,,,,,,,,
2014/9/29,393.56,,,,,,,,
2014/9/30,391.24,,,,,,,,
2014/10/1,392.5,,,,,,,,
2014/10/2,392.37,,,,,,,,
2014/10/3,385.2,,,,,,,,
2014/10/6,389.85,,,,,,,,
2014/10/7,391.5,,,,,,,,
2014/10/8,389.43,,,,,,,,
2014/10/9,395.66,,,,,,,,
2014/10/10,394.5,,,,,,,,
2014/10/13,397.18,,,,,,,,
2014/10/14,398.57,,,,,,,,
2014/10/15,401.96,,,,,,,,
2014/10/16,400.8,,,,,,,,
2014/10/17,400.09,,,,,,,,
2014/10/20,401.93,,,,,,,,
2014/10/21,404.19,,,,,,,,
2014/10/22,402.19,,,,,,,,
2014/10/23,396.89,,,,,,,,
2014/10/24,397.76,,,,,,,,
2014/10/27,396.96,,,,,,,,
2014/10/28,396.99,,,,,,,,
2014/10/29,395.54,,,,,,,,
2014/10/30,387.04,,,,,,,,
2014/10/31,378.33,,,,,,,,
2014/11/3,377.74,,,,,,,,
2014/11/4,377.07,,,,,,,,
2014/11/5,369.96,,,,,,,,
2014/11/6,368.96,,,,,,,,
2014/11/7,377.75,,,,,,,,
2014/11/10,374.52,,,,,,,,
2014/11/11,375.57,,,,,,,,
2014/11/12,374.27,,,,,,,,
2014/11/13,375.05,,,,,,,,
2014/11/14,382.79,,,,,,,,
2014/11/17,382.15,,,,,,,,
2014/11/18,386.5,,,,,,,,
2014/11/19,385.47,,,,,,,,
2014/11/20,384.47,,,,,,,,
2014/11/21,386.7,,,,,,,,
2014/11/24,386.12,,,,,,,,
2014/11/25,386.51,,,,,,,,
2014/11/26,386.41,,,,,,,,
2014/11/28,379.31,,,,,,,,
2014/12/1,393.06,,,,,,,,
2014/12/2,387.02,,,,,,,,
2014/12/3,390.03,,,,,,,,
2014/12/4,389.7,,,,,,,,
2014/12/5,384.12,,,,,,,,
2014/12/8,385.57,,,,,,,,
2014/12/9,397.55,,,,,,,,
2014/12/10,396.71,,,,,,,,
2014/12/11,395.48,,,,,,,,
2014/12/12,394.48,,,,,,,,
2014/12/15,389.71,,,,,,,,
2014/12/16,385.38,,,,,,,,
2014/12/17,385.45,,,,,,,,
2014/12/18,385.54,,,,,,,,
2014/12/19,385.93,,,,,,,,
2014/12/22,380.71,,,,,,,,
2014/12/23,380.13,,,,,,,,
2014/12/24,378.67,,,,,,,,
2014/12/26,385.71,,,,,,,,
2014/12/29,381.39,,,,,,,,
2014/12/30,387.36,,,,,,,,
2014/12/31,382.1,,,,,,,,
2015/1/2,382.78,,,,,,,,
2015/1/5,388.52,,,,,,,,
2015/1/6,393.49,,,,,,,,
2015/1/7,390.68,,,,,,,,
2015/1/8,389.97,,,,,,,,
2015/1/9,392.43,,,,,,,,
2015/1/12,397.82,,,,,,,,
2015/1/13,398.34,,,,,,,,
2015/1/14,398.37,,,,,,,,
2015/1/15,408.14,,,,,,,,
2015/1/16,412.08,,,,,,,,
2015/1/20,417.66,,,,,,,,
2015/1/21,417.5,,,,,,,,
2015/1/22,419.75,,,,,,,,
2015/1/23,417.14,,,,,,,,
2015/1/26,412.89,,,,,,,,
2015/1/27,416.92,,,,,,,,
2015/1/28,415.08,,,,,,,,
2015/1/29,404.99,,,,,,,,
2015/1/30,412.5,,,,,,,,
2015/2/2,411.76,,,,,,,,
2015/2/3,406.41,,,,,,,,
2015/2/4,407.76,,,,,,,,
2015/2/5,407.18,,,,,,,,
2015/2/6,398.12,,,,,,,,
2015/2/9,400.34,,,,,,,,
2015/2/10,397.35,,,,,,,,
2015/2/11,393.28,,,,,,,,
2015/2/12,393.64,,,,,,,,
2015/2/13,395.7,,,,,,,,
2015/2/17,389.74,,,,,,,,
2015/2/18,387.03,,,,,,,,
2015/2/19,389.41,,,,,,,,
2015/2/20,388.54,,,,,,,,
2015/2/23,387.22,,,,,,,,
2015/2/24,386.09,,,,,,,,
2015/2/25,387.45,,,,,,,,
2015/2/26,390.22,,,,,,,,
2015/2/27,391.19,,,,,,,,
2015/3/2,389.61,,,,,,,,
2015/3/3,388.38,,,,,,,,
2015/3/4,387.26,,,,,,,,
2015/3/5,385.74,,,,,,,,
2015/3/6,375.45,,,,,,,,
2015/3/9,376.16,,,,,,,,
2015/3/10,374.09,,,,,,,,
2015/3/11,371.03,,,,,,,,
2015/3/12,371.45,,,,,,,,
2015/3/13,371.57,,,,,,,,
2015/3/16,371.8,,,,,,,,
2015/3/17,370.19,,,,,,,,
2015/3/18,371.16,,,,,,,,
2015/3/19,376.89,,,,,,,,
2015/3/20,381.92,,,,,,,,
2015/3/23,382.89,,,,,,,,
2015/3/24,384.08,,,,,,,,
2015/3/25,385.98,,,,,,,,
2015/3/26,388.46,,,,,,,,
2015/3/27,386.85,,,,,,,,
2015/3/30,381.89,,,,,,,,
2015/3/31,381.21,,,,,,,,
2015/4/1,389.27,,,,,,,,
2015/4/2,386.92,,,,,,,,
2015/4/6,392.62,,,,,,,,
2015/4/7,390.04,,,,,,,,
2015/4/8,387.63,,,,,,,,
2015/4/9,384.57,,,,,,,,
2015/4/10,388.11,,,,,,,,
2015/4/13,386.4,,,,,,,,
2015/4/14,384.25,,,,,,,,
2015/4/15,387.05,,,,,,,,
2015/4/16,385.99,,,,,,,,
2015/4/17,387.63,,,,,,,,
2015/4/20,384.6,,,,,,,,
2015/4/21,387.63,,,,,,,,
2015/4/22,382.41,,,,,,,,
2015/4/23,384.8,,,,,,,,
2015/4/24,378.58,,,,,,,,
2015/4/27,387.66,,,,,,,,
2015/4/28,391.11,,,,,,,,
2015/4/29,389.86,,,,,,,,
2015/4/30,380.96,,,,,,,,
2015/5/1,378.42,,,,,,,,
2015/5/4,382.38,,,,,,,,
2015/5/5,384.44,,,,,,,,
2015/5/6,383.51,,,,,,,,
2015/5/7,380.9,,,,,,,,
2015/5/8,383.06,,,,,,,,
2015/5/11,381.15,,,,,,,,
2015/5/12,384.17,,,,,,,,
2015/5/13,392.48,,,,,,,,
2015/5/14,394.73,,,,,,,,
2015/5/15,394.77,,,,,,,,
2015/5/18,395.51,,,,,,,,
2015/5/19,388.78,,,,,,,,
2015/5/20,389.46,,,,,,,,
2015/5/21,387.94,,,,,,,,
2015/5/22,387.88,,,,,,,,
2015/5/26,382.37,,,,,,,,
2015/5/27,381.96,,,,,,,,
2015/5/28,382.7,,,,,,,,
2015/5/29,383.02,,,,,,,,
2015/6/1,382.67,,,,,,,,
2015/6/2,384.5,,,,,,,,
2015/6/3,381.44,,,,,,,,
2015/6/4,378.32,,,,,,,,
2015/6/5,376.03,,,,,,,,
2015/6/8,377.81,,,,,,,,
2015/6/9,379.09,,,,,,,,
2015/6/10,381.99,,,,,,,,
2015/6/11,379.99,,,,,,,,
2015/6/12,379.61,,,,,,,,
2015/6/15,381.73,,,,,,,,
2015/6/16,380.16,,,,,,,,
2015/6/17,378.84,,,,,,,,
2015/6/18,386.95,,,,,,,,
2015/6/19,386.92,,,,,,,,
2015/6/22,381.19,,,,,,,,
2015/6/23,378.77,,,,,,,,
2015/6/24,377.58,,,,,,,,
2015/6/25,377.23,,,,,,,,
2015/6/26,377.68,,,,,,,,
2015/6/29,379.55,,,,,,,,
2015/6/30,377.23,,,,,,,,
2015/7/1,376.42,,,,,,,,
2015/7/2,374.56,,,,,,,,
2015/7/6,377.68,,,,,,,,
2015/7/7,371.05,,,,,,,,
2015/7/8,374.56,,,,,,,,
2015/7/9,373.17,,,,,,,,
2015/7/10,372.76,,,,,,,,
2015/7/13,371.95,,,,,,,,
2015/7/14,371.32,,,,,,,,
2015/7/15,369.36,,,,,,,,
2015/7/16,368.2,,,,,,,,
2015/7/17,364.18,,,,,,,,
2015/7/20,356.06,,,,,,,,
2015/7/21,354.9,,,,,,,,
2015/7/22,351.04,,,,,,,,
2015/7/23,351.85,,,,,,,,
2015/7/24,348.92,,,,,,,,
2015/7/27,352.43,,,,,,,,
2015/7/28,352.36,,,,,,,,
2015/7/29,351.27,,,,,,,,
2015/7/30,349.79,,,,,,,,
2015/7/31,351.85,,,,,,,,
2015/8/3,350.02,,,,,,,,
2015/8/4,350.44,,,,,,,,
2015/8/5,348.8,,,,,,,,
2015/8/6,350.25,,,,,,,,
2015/8/7,351.53,,,,,,,,
2015/8/10,354.75,,,,,,,,
2015/8/11,355.91,,,,,,,,
2015/8/12,361.02,,,,,,,,
2015/8/13,358.45,,,,,,,,
2015/8/14,357.52,,,,,,,,
2015/8/17,359.35,,,,,,,,
2015/8/18,358.87,,,,,,,,
2015/8/19,362.41,,,,,,,,
2015/8/20,370.54,,,,,,,,
2015/8/21,372.6,,,,,,,,
2015/8/24,370.67,,,,,,,,
2015/8/25,365.75,,,,,,,,
2015/8/26,361.35,,,,,,,,
2015/8/27,360.71,,,,,,,,
2015/8/28,364.37,,,,,,,,
2015/8/31,363.89,,,,,,,,
2015/9/1,366.24,,,,,,,,
2015/9/2,364.25,,,,,,,,
2015/9/3,361.33,,,,,,,,
2015/9/4,360.33,,,,,,,,
2015/9/8,360.21,,,,,,,,
2015/9/9,354.1,,,,,,,,
2015/9/10,356.45,,,,,,,,
2015/9/11,354.52,,,,,,,,
2015/9/14,355.94,,,,,,,,
2015/9/15,354.3,,,,,,,,
2015/9/16,359.57,,,,,,,,
2015/9/17,358.93,,,,,,,,
2015/9/18,365.61,,,,,,,,
2015/9/21,364.01,,,,,,,,
2015/9/22,361.44,,,,,,,,
2015/9/23,363.59,,,,,,,,
2015/9/24,370.76,,,,,,,,
2015/9/25,368.12,,,,,,,,
2015/9/28,363.65,,,,,,,,
2015/9/29,362.08,,,,,,,,
2015/9/30,358.35,,,,,,,,
2015/10/1,357.87,,,,,,,,
2015/10/2,365.23,,,,,,,,
2015/10/5,365.55,,,,,,,,
2015/10/6,368.38,,,,,,,,
2015/10/7,369.12,,,,,,,,
2015/10/8,367.7,,,,,,,,
2015/10/9,371.43,,,,,,,,
2015/10/12,374.19,,,,,,,,
2015/10/13,374.48,,,,,,,,
2015/10/14,379.11,,,,,,,,
2015/10/15,381.59,,,,,,,,
2015/10/16,380.17,,,,,,,,
2015/10/19,376.86,,,,,,,,
2015/10/20,378.37,,,,,,,,
2015/10/21,375.03,,,,,,,,
2015/10/22,374.71,,,,,,,,
2015/10/23,373.65,,,,,,,,
2015/10/26,374.74,,,,,,,,
2015/10/27,374.61,,,,,,,,
2015/10/28,377.92,,,,,,,,
2015/10/29,368.67,,,,,,,,
2015/10/30,366.77,,,,,,,,
2015/11/2,365.01,,,,,,,,
2015/11/3,358,,,,,,,,
2015/11/4,355.47,,,,,,,,
2015/11/5,354.82,,,,,,,,
2015/11/6,349.52,,,,,,,,
2015/11/9,349.65,,,,,,,,
2015/11/10,349.77,,,,,,,,
2015/11/11,348.56,,,,,,,,
2015/11/12,347.28,,,,,,,,
2015/11/13,347.28,,,,,,,,
2015/11/16,348.12,,,,,,,,
2015/11/17,343.27,,,,,,,,
2015/11/18,343.24,,,,,,,,
2015/11/19,346.2,,,,,,,,
2015/11/20,345.62,,,,,,,,
2015/11/23,342.51,,,,,,,,
2015/11/24,344.67,,,,,,,,
2015/11/25,343.51,,,,,,,,
2015/11/27,339.18,,,,,,,,
2015/11/30,342.1,,,,,,,,
2015/12/1,341.53,,,,,,,,
2015/12/2,338.42,,,,,,,,
2015/12/3,340.79,,,,,,,,
2015/12/4,348.15,,,,,,,,
2015/12/7,345.3,,,,,,,,
2015/12/8,345.33,,,,,,,,
2015/12/9,345.72,,,,,,,,
2015/12/10,344.28,,,,,,,,
2015/12/11,345.47,,,,,,,,
2015/12/14,341.53,,,,,,,,
2015/12/15,340.95,,,,,,,,
2015/12/16,345.84,,,,,,,,
2015/12/17,337.1,,,,,,,,
2015/12/18,342.05,,,,,,,,
2015/12/21,347.07,,,,,,,,
2015/12/22,344.98,,,,,,,,
2015/12/23,343.12,,,,,,,,
2015/12/24,345.57,,,,,,,,
2015/12/28,343.14,,,,,,,,
2015/12/29,343.04,,,,,,,,
2015/12/30,340.41,,,,,,,,
2015/12/31,340.54,,,,,,,,
2016/1/4,345.37,,,,,,,,
2016/1/5,346.4,,,,,,,,
2016/1/6,350.74,,,,,,,,
2016/1/7,355.85,,,,,,,,
2016/1/8,352.67,,,,,,,,
2016/1/11,352.11,,,,,,,,
2016/1/12,348.55,,,,,,,,
2016/1/13,349.19,,,,,,,,
2016/1/14,344.8,,,,,,,,
2016/1/15,350.29,,,,,,,,
2016/1/19,349.76,,,,,,,,
2016/1/20,355.22,,,,,,,,
2016/1/21,352.59,,,,,,,,
2016/1/22,352.08,,,,,,,,
2016/1/25,355.07,,,,,,,,
2016/1/26,359.89,,,,,,,,
2016/1/27,358.51,,,,,,,,
2016/1/28,358.45,,,,,,,,
2016/1/29,358.55,,,,,,,,
2016/2/1,362.29,,,,,,,,
2016/2/2,362.03,,,,,,,,
2016/2/3,366.56,,,,,,,,
2016/2/4,371.77,,,,,,,,
2016/2/5,371.84,,,,,,,,
2016/2/8,384.76,,,,,,,,
2016/2/9,384.99,,,,,,,,
2016/2/10,383.71,,,,,,,,
2016/2/11,400.8,,,,,,,,
2016/2/12,398.11,,,,,,,,
2016/2/16,388.1,,,,,,,,
2016/2/17,389.13,,,,,,,,
2016/2/18,393.92,,,,,,,,
2016/2/19,395.37,,,,,,,,
2016/2/22,388.73,,,,,,,,
2016/2/23,392.75,,,,,,,,
2016/2/24,398.05,,,,,,,,
2016/2/25,397.96,,,,,,,,
2016/2/26,392.05,,,,,,,,
2016/2/29,396.56,,,,,,,,
2016/3/1,395.41,,,,,,,,
2016/3/2,398.94,,,,,,,,
2016/3/3,404.22,,,,,,,,
2016/3/4,408.23,,,,,,,,
2016/3/7,406.09,,,,,,,,
2016/3/8,405.75,,,,,,,,
2016/3/9,403.97,,,,,,,,
2016/3/10,408.94,,,,,,,,
2016/3/11,404.67,,,,,,,,
2016/3/14,400.09,,,,,,,,
2016/3/15,395.54,,,,,,,,
2016/3/16,395.15,,,,,,,,
2016/3/17,406.49,,,,,,,,
2016/3/18,403.03,,,,,,,,
2016/3/21,399.89,,,,,,,,
2016/3/22,401.37,,,,,,,,
2016/3/23,393.45,,,,,,,,
2016/3/24,392.77,,,,,,,,
2016/3/28,392.31,,,,,,,,
2016/3/29,397.29,,,,,,,,
2016/3/30,394.43,,,,,,,,
2016/3/31,396.68,,,,,,,,
2016/4/1,392.8,,,,,,,,
2016/4/4,391.46,,,,,,,,
2016/4/5,394.77,,,,,,,,
2016/4/6,392.91,,,,,,,,
2016/4/7,397.31,,,,,,,,
2016/4/8,399.34,,,,,,,,
2016/4/11,403.9,,,,,,,,
2016/4/12,404.84,,,,,,,,
2016/4/13,400.8,,,,,,,,
2016/4/14,393.8,,,,,,,,
2016/4/15,396.4,,,,,,,,
2016/4/18,396.54,,,,,,,,
2016/4/19,402.74,,,,,,,,
2016/4/20,402.77,,,,,,,,
2016/4/21,401.46,,,,,,,,
2016/4/22,394.94,,,,,,,,
2016/4/25,398.22,,,,,,,,
2016/4/26,399.26,,,,,,,,
2016/4/27,401.51,,,,,,,,
2016/4/28,406.65,,,,,,,,
2016/4/29,414.39,,,,,,,,
2016/5/2,416.1,,,,,,,,
2016/5/3,414.82,,,,,,,,
2016/5/4,409.23,,,,,,,,
2016/5/5,408.56,,,,,,,,
2016/5/6,415.53,,,,,,,,
2016/5/9,406.75,,,,,,,,
2016/5/10,406.17,,,,,,,,
2016/5/11,409.63,,,,,,,,
2016/5/12,408.17,,,,,,,,
2016/5/13,408.66,,,,,,,,
2016/5/16,409.18,,,,,,,,
2016/5/17,410.11,,,,,,,,
2016/5/18,409.35,,,,,,,,
2016/5/19,403.1,,,,,,,,
2016/5/20,402.59,,,,,,,,
2016/5/23,402.25,,,,,,,,
2016/5/24,394.97,,,,,,,,
2016/5/25,393.18,,,,,,,,
2016/5/26,391.94,,,,,,,,
2016/5/27,390.02,,,,,,,,
2016/5/31,390.29,,,,,,,,
2016/6/1,389.39,,,,,,,,
2016/6/2,388.72,,,,,,,,
2016/6/3,398.44,,,,,,,,
2016/6/6,399.9,,,,,,,,
2016/6/7,399.77,,,,,,,,
2016/6/8,404.68,,,,,,,,
2016/6/9,408.02,,,,,,,,
2016/6/10,409.04,,,,,,,,
2016/6/13,412.58,,,,,,,,
2016/6/14,412.97,,,,,,,,
2016/6/15,413.04,,,,,,,,
2016/6/16,416.28,,,,,,,,
2016/6/17,415.13,,,,,,,,
2016/6/20,414.27,,,,,,,,
2016/6/21,407.99,,,,,,,,
2016/6/22,407.19,,,,,,,,
2016/6/23,404.98,,,,,,,,
2016/6/24,424,,,,,,,,
2016/6/27,424.74,,,,,,,,
2016/6/28,422.57,,,,,,,,
2016/6/29,425.46,,,,,,,,
2016/6/30,423.44,,,,,,,,
2016/7/1,429.34,,,,,,,,
2016/7/5,435.67,,,,,,,,
2016/7/6,438.37,,,,,,,,
2016/7/7,436.77,,,,,,,,
2016/7/8,435.58,,,,,,,,
2016/7/11,435.02,,,,,,,,
2016/7/12,428.23,,,,,,,,
2016/7/13,430.9,,,,,,,,
2016/7/14,427.24,,,,,,,,
2016/7/15,425.71,,,,,,,,
2016/7/18,426.33,,,,,,,,
2016/7/19,427.32,,,,,,,,
2016/7/20,423.18,,,,,,,,
2016/7/21,427.01,,,,,,,,
2016/7/22,424.65,,,,,,,,
2016/7/25,423.29,,,,,,,,
2016/7/26,423.65,,,,,,,,
2016/7/27,425.63,,,,,,,,
2016/7/28,427.77,,,,,,,,
2016/7/29,432.97,,,,,,,,
2016/8/1,433.65,,,,,,,,
2016/8/2,437.8,,,,,,,,
2016/8/3,435.29,,,,,,,,
2016/8/4,436.15,,,,,,,,
2016/8/5,428.82,,,,,,,,
2016/8/8,427.84,,,,,,,,
2016/8/9,429.57,,,,,,,,
2016/8/10,431.23,,,,,,,,
2016/8/11,430.63,,,,,,,,
2016/8/12,428.46,,,,,,,,
2016/8/15,429.84,,,,,,,,
2016/8/16,432.85,,,,,,,,
2016/8/17,430.27,,,,,,,,
2016/8/18,432.95,,,,,,,,
2016/8/19,429.44,,,,,,,,
2016/8/22,428.56,,,,,,,,
2016/8/23,429.43,,,,,,,,
2016/8/24,424.2,,,,,,,,
2016/8/25,422.57,,,,,,,,
2016/8/26,422.99,,,,,,,,
2016/8/29,423.39,,,,,,,,
2016/8/30,420.01,,,,,,,,
2016/8/31,418.39,,,,,,,,
2016/9/1,420.21,,,,,,,,
2016/9/2,423.28,,,,,,,,
2016/9/6,432,,,,,,,,
2016/9/7,430.47,,,,,,,,
2016/9/8,428.05,,,,,,,,
2016/9/9,425.79,,,,,,,,
2016/9/12,422.96,,,,,,,,
2016/9/13,422.36,,,,,,,,
2016/9/14,423.13,,,,,,,,
2016/9/15,420.55,,,,,,,,
2016/9/16,418.07,,,,,,,,
2016/9/19,420.51,,,,,,,,
2016/9/20,420.64,,,,,,,,
2016/9/21,424.85,,,,,,,,
2016/9/22,429.1,,,,,,,,
2016/9/23,428.15,,,,,,,,
2016/9/26,428.92,,,,,,,,
2016/9/27,424.55,,,,,,,,
2016/9/28,422.42,,,,,,,,
2016/9/29,423.16,,,,,,,,
2016/9/30,420.32,,,,,,,,
2016/10/3,418.92,,,,,,,,
2016/10/4,405.2,,,,,,,,
2016/10/5,404.86,,,,,,,,
2016/10/6,399.88,,,,,,,,
2016/10/7,399.53,,,,,,,,
2016/10/10,402.26,,,,,,,,
2016/10/11,400.82,,,,,,,,
2016/10/12,400.16,,,,,,,,
2016/10/13,401.38,,,,,,,,
2016/10/14,400.71,,,,,,,,
2016/10/17,401.07,,,,,,,,
2016/10/18,403.09,,,,,,,,
2016/10/19,405.33,,,,,,,,
2016/10/20,404.56,,,,,,,,
2016/10/21,404.63,,,,,,,,
2016/10/24,403.37,,,,,,,,
2016/10/25,406.53,,,,,,,,
2016/10/26,404.3,,,,,,,,
2016/10/27,405.23,,,,,,,,
2016/10/28,407.56,,,,,,,,
2016/10/31,406.39,,,,,,,,
2016/11/1,411.15,,,,,,,,
2016/11/2,417.61,,,,,,,,
2016/11/3,416.04,,,,,,,,
2016/11/4,416.43,,,,,,,,
2016/11/7,408.43,,,,,,,,
2016/11/8,406.86,,,,,,,,
2016/11/9,406.55,,,,,,,,
2016/11/10,404.19,,,,,,,,
2016/11/11,390.61,,,,,,,,
2016/11/14,389.86,,,,,,,,
2016/11/15,390.79,,,,,,,,
2016/11/16,390.63,,,,,,,,
2016/11/17,388.32,,,,,,,,
2016/11/18,385.77,,,,,,,,
2016/11/21,386.14,,,,,,,,
2016/11/22,386.59,,,,,,,,
2016/11/23,379.69,,,,,,,,
2016/11/25,376.07,,,,,,,,
2016/11/28,380.16,,,,,,,,
2016/11/29,379.21,,,,,,,,
2016/11/30,373.83,,,,,,,,
2016/12/1,372.4,,,,,,,,
2016/12/2,375.08,,,,,,,,
2016/12/5,374.69,,,,,,,,
2016/12/6,372.65,,,,,,,,
2016/12/7,375.01,,,,,,,,
2016/12/8,373.4,,,,,,,,
2016/12/9,370.06,,,,,,,,
2016/12/12,371.31,,,,,,,,
2016/12/13,369.15,,,,,,,,
2016/12/14,370.66,,,,,,,,
2016/12/15,359.86,,,,,,,,
2016/12/16,362.29,,,,,,,,
2016/12/19,363.99,,,,,,,,
2016/12/20,361.1,,,,,,,,
2016/12/21,360.98,,,,,,,,
2016/12/22,360.19,,,,,,,,
2016/12/23,361.12,,,,,,,,
2016/12/27,362.79,,,,,,,,
2016/12/28,363.47,,,,,,,,
2016/12/29,368.95,,,,,,,,
2016/12/30,366.92,,,,,,,,
2017/1/3,370.22,,,,,,,,
2017/1/4,371.28,,,,,,,,
2017/1/5,376.38,,,,,,,,
2017/1/6,373.87,,,,,,,,
2017/1/9,377.55,,,,,,,,
2017/1/10,377.75,,,,,,,,
2017/1/11,381.3,,,,,,,,
2017/1/12,382.32,,,,,,,,
2017/1/13,381.13,,,,,,,,
2017/1/17,386.5,,,,,,,,
2017/1/18,386.22,,,,,,,,
2017/1/19,382.82,,,,,,,,
2017/1/20,383.91,,,,,,,,
2017/1/23,387.36,,,,,,,,
2017/1/24,385.8,,,,,,,,
2017/1/25,381.65,,,,,,,,
2017/1/26,379.11,,,,,,,,
2017/1/27,378.67,,,,,,,,
2017/1/30,380.24,,,,,,,,
2017/1/31,385.14,,,,,,,,
2017/2/1,384.16,,,,,,,,
2017/2/2,387.7,,,,,,,,
2017/2/3,388.15,,,,,,,,
2017/2/6,391.76,,,,,,,,
2017/2/7,393.04,,,,,,,,
2017/2/8,394.12,,,,,,,,
2017/2/9,393.27,,,,,,,,
2017/2/10,392.99,,,,,,,,
2017/2/13,389.79,,,,,,,,
2017/2/14,389.67,,,,,,,,
2017/2/15,392.13,,,,,,,,
2017/2/16,394.84,,,,,,,,
2017/2/17,394.05,,,,,,,,
2017/2/21,394.01,,,,,,,,
2017/2/22,392.23,,,,,,,,
2017/2/23,397.99,,,,,,,,
2017/2/24,400.2,,,,,,,,
2017/2/27,400.37,,,,,,,,
2017/2/28,398.82,,,,,,,,
2017/3/1,397.58,,,,,,,,
2017/3/2,392.15,,,,,,,,
2017/3/3,390.12,,,,,,,,
2017/3/6,389.82,,,,,,,,
2017/3/7,386.84,,,,,,,,
2017/3/8,384.72,,,,,,,,
2017/3/9,382.75,,,,,,,,
2017/3/10,382.17,,,,,,,,
2017/3/13,382.76,,,,,,,,
2017/3/14,382.55,,,,,,,,
2017/3/15,381.92,,,,,,,,
2017/3/16,390.3,,,,,,,,
2017/3/17,391.26,,,,,,,,
2017/3/20,392.56,,,,,,,,
2017/3/21,396.5,,,,,,,,
2017/3/22,397.53,,,,,,,,
2017/3/23,396.68,,,,,,,,
2017/3/24,397.19,,,,,,,,
2017/3/27,399.47,,,,,,,,
2017/3/28,399.48,,,,,,,,
2017/3/29,398.85,,,,,,,,
2017/3/30,396.07,,,,,,,,
2017/3/31,397.09,,,,,,,,
2017/4/3,398.01,,,,,,,,
2017/4/4,399.41,,,,,,,,
2017/4/5,396.28,,,,,,,,
2017/4/6,397.81,,,,,,,,
2017/4/7,399.09,,,,,,,,
2017/4/10,398.04,,,,,,,,
2017/4/11,404.49,,,,,,,,
2017/4/12,405.74,,,,,,,,
2017/4/13,409.05,,,,,,,,
2017/4/17,410.17,,,,,,,,
2017/4/18,410.87,,,,,,,,
2017/4/19,407.49,,,,,,,,
2017/4/20,407.62,,,,,,,,
2017/4/21,409.31,,,,,,,,
2017/4/24,405.66,,,,,,,,
2017/4/25,402.4,,,,,,,,
2017/4/26,401.45,,,,,,,,
2017/4/27,402,,,,,,,,
2017/4/28,402.77,,,,,,,,
2017/5/1,398.74,,,,,,,,
2017/5/2,399.22,,,,,,,,
2017/5/3,396.53,,,,,,,,
2017/5/4,390.22,,,,,,,,
2017/5/5,389.69,,,,,,,,
2017/5/8,389.78,,,,,,,,
2017/5/9,386.3,,,,,,,,
2017/5/10,387.2,,,,,,,,
2017/5/11,388.89,,,,,,,,
2017/5/12,389.98,,,,,,,,
2017/5/15,390.73,,,,,,,,
2017/5/16,392.74,,,,,,,,
2017/5/17,399.81,,,,,,,,
2017/5/18,397.95,,,,,,,,
2017/5/19,398.19,,,,,,,,
2017/5/22,400.75,,,,,,,,
2017/5/23,398.89,,,,,,,,
2017/5/24,398.14,,,,,,,,
2017/5/25,399.2,,,,,,,,
2017/5/26,402.88,,,,,,,,
2017/5/30,401.12,,,,,,,,
2017/5/31,404.2,,,,,,,,
2017/6/1,402.53,,,,,,,,
2017/6/2,405.75,,,,,,,,
2017/6/5,406.57,,,,,,,,
2017/6/6,411.27,,,,,,,,
2017/6/7,409.92,,,,,,,,
2017/6/8,405.59,,,,,,,,
2017/6/9,403.03,,,,,,,,
2017/6/12,402.27,,,,,,,,
2017/6/13,402.19,,,,,,,,
2017/6/14,404.51,,,,,,,,
2017/6/15,397.77,,,,,,,,
2017/6/16,398.39,,,,,,,,
2017/6/19,395.31,,,,,,,,
2017/6/20,394.31,,,,,,,,
2017/6/21,395.05,,,,,,,,
2017/6/22,396.2,,,,,,,,
2017/6/23,398.43,,,,,,,,
2017/6/26,395.29,,,,,,,,
2017/6/27,395.46,,,,,,,,
2017/6/28,396.17,,,,,,,,
2017/6/29,395.14,,,,,,,,
2017/6/30,394.04,,,,,,,,
2017/7/3,386.74,,,,,,,,
2017/7/5,387.56,,,,,,,,
2017/7/6,388.08,,,,,,,,
2017/7/7,383.77,,,,,,,,
2017/7/10,384.92,,,,,,,,
2017/7/11,385.4,,,,,,,,
2017/7/12,386.81,,,,,,,,
2017/7/13,386.21,,,,,,,,
2017/7/14,389.45,,,,,,,,
2017/7/17,391.44,,,,,,,,
2017/7/18,394,,,,,,,,
2017/7/19,394.01,,,,,,,,
2017/7/20,395.07,,,,,,,,
2017/7/21,397.89,,,,,,,,
2017/7/24,397.83,,,,,,,,
2017/7/25,397.15,,,,,,,,
2017/7/26,396.24,,,,,,,,
2017/7/27,399.7,,,,,,,,
2017/7/28,402.49,,,,,,,,
2017/7/31,401.93,,,,,,,,
2017/8/1,403.83,,,,,,,,
2017/8/2,403.53,,,,,,,,
2017/8/3,402.28,,,,,,,,
2017/8/4,399.2,,,,,,,,
2017/8/7,399.26,,,,,,,,
2017/8/8,398.61,,,,,,,,
2017/8/9,403.9,,,,,,,,
2017/8/10,407.32,,,,,,,,
2017/8/11,408.56,,,,,,,,
2017/8/14,407.46,,,,,,,,
2017/8/15,404.09,,,,,,,,
2017/8/16,405.11,,,,,,,,
2017/8/17,408.13,,,,,,,,
2017/8/18,407.88,,,,,,,,
2017/8/21,409.53,,,,,,,,
2017/8/22,407.74,,,,,,,,
2017/8/23,408.92,,,,,,,,
2017/8/24,408.08,,,,,,,,
2017/8/25,409.95,,,,,,,,
2017/8/28,415.48,,,,,,,,
2017/8/29,416.63,,,,,,,,
2017/8/30,415.13,,,,,,,,
2017/8/31,417.7,,,,,,,,
2017/9/1,420.3,,,,,,,,
2017/9/5,424.8,,,,,,,,
2017/9/6,423.08,,,,,,,,
2017/9/7,426.66,,,,,,,,
2017/9/8,426.96,,,,,,,,
2017/9/11,422.1,,,,,,,,
2017/9/12,421.16,,,,,,,,
2017/9/13,419.69,,,,,,,,
2017/9/14,420.11,,,,,,,,
2017/9/15,418.83,,,,,,,,
2017/9/18,414.31,,,,,,,,
2017/9/19,414.26,,,,,,,,
2017/9/20,416.1,,,,,,,,
2017/9/21,409.29,,,,,,,,
2017/9/22,410.15,,,,,,,,
2017/9/25,414.62,,,,,,,,
2017/9/26,411.53,,,,,,,,
2017/9/27,407.15,,,,,,,,
2017/9/28,407.44,,,,,,,,
2017/9/29,406.22,,,,,,,,
2017/10/2,403.41,,,,,,,,
2017/10/3,403.05,,,,,,,,
2017/10/4,403.75,,,,,,,,
2017/10/5,402.63,,,,,,,,
2017/10/6,403.18,,,,,,,,
2017/10/9,406.4,,,,,,,,
2017/10/10,409.2,,,,,,,,
2017/10/11,407.66,,,,,,,,
2017/10/12,410.08,,,,,,,,
2017/10/13,412.65,,,,,,,,
2017/10/16,412.18,,,,,,,,
2017/10/17,406.88,,,,,,,,
2017/10/18,405.88,,,,,,,,
2017/10/19,408.11,,,,,,,,
2017/10/20,405.12,,,,,,,,
2017/10/23,405.28,,,,,,,,
2017/10/24,404.47,,,,,,,,
2017/10/25,404.7,,,,,,,,
2017/10/26,401.74,,,,,,,,
2017/10/27,402.45,,,,,,,,
2017/10/30,404.35,,,,,,,,
2017/10/31,402.09,,,,,,,,
2017/11/1,404.25,,,,,,,,
2017/11/2,404.52,,,,,,,,
2017/11/3,401.71,,,,,,,,
2017/11/6,405.68,,,,,,,,
2017/11/7,403.85,,,,,,,,
2017/11/8,406.37,,,,,,,,
2017/11/9,407.58,,,,,,,,
2017/11/10,403.39,,,,,,,,
2017/11/13,404.94,,,,,,,,
2017/11/14,406.22,,,,,,,,
2017/11/15,404.59,,,,,,,,
2017/11/16,404.76,,,,,,,,
2017/11/17,410.55,,,,,,,,
2017/11/20,403.9,,,,,,,,
2017/11/21,405.97,,,,,,,,
2017/11/22,409.33,,,,,,,,
2017/11/24,407.78,,,,,,,,
2017/11/27,410.07,,,,,,,,
2017/11/28,410.18,,,,,,,,
2017/11/29,406.09,,,,,,,,
2017/11/30,403.1,,,,,,,,
2017/12/1,404.88,,,,,,,,
2017/12/4,403.47,,,,,,,,
2017/12/5,399.45,,,,,,,,
2017/12/6,399.84,,,,,,,,
2017/12/7,395.75,,,,,,,,
2017/12/8,394.28,,,,,,,,
2017/12/11,393.85,,,,,,,,
2017/12/12,392.22,,,,,,,,
2017/12/13,394.41,,,,,,,,
2017/12/14,397.11,,,,,,,,
2017/12/15,397.25,,,,,,,,
2017/12/18,399.83,,,,,,,,
2017/12/19,399.43,,,,,,,,
2017/12/20,401.15,,,,,,,,
2017/12/21,401.48,,,,,,,,
2017/12/22,404.09,,,,,,,,
2017/12/26,406.9,,,,,,,,
2017/12/27,408.15,,,,,,,,
2017/12/28,410,,,,,,,,
2017/12/29,413.84,,,,,,,,
2018/1/2,416.05,,,,,,,,
2018/1/3,416.83,,,,,,,,
2018/1/4,417.83,,,,,,,,
2018/1/5,418.06,,,,,,,,
2018/1/8,417.51,,,,,,,,
2018/1/9,415.41,,,,,,,,
2018/1/10,417.2,,,,,,,,
2018/1/11,418.22,,,,,,,,
2018/1/12,422.18,,,,,,,,
2018/1/16,422.94,,,,,,,,
2018/1/17,423.58,,,,,,,,
2018/1/18,419.82,,,,,,,,
2018/1/19,421.73,,,,,,,,
2018/1/22,421.43,,,,,,,,
2018/1/23,422.96,,,,,,,,
2018/1/24,429.19,,,,,,,,
2018/1/25,431.28,,,,,,,,
2018/1/26,427.9,,,,,,,,
2018/1/29,424.13,,,,,,,,
2018/1/30,422.54,,,,,,,,
2018/1/31,423.54,,,,,,,,
2018/2/1,425.07,,,,,,,,
2018/2/2,421.74,,,,,,,,
2018/2/5,421.54,,,,,,,,
2018/2/6,419.35,,,,,,,,
2018/2/7,414.67,,,,,,,,
2018/2/8,416.07,,,,,,,,
2018/2/9,415.05,,,,,,,,
2018/2/12,418.48,,,,,,,,
2018/2/13,419.76,,,,,,,,
2018/2/14,428.48,,,,,,,,
2018/2/15,427.65,,,,,,,,
2018/2/16,427.95,,,,,,,,
2018/2/20,420.14,,,,,,,,
2018/2/21,420.44,,,,,,,,
2018/2/22,420.65,,,,,,,,
2018/2/23,419.91,,,,,,,,
2018/2/26,420.76,,,,,,,,
2018/2/27,416.29,,,,,,,,
2018/2/28,416.09,,,,,,,,
2018/3/1,412.1,,,,,,,,
2018/3/2,417.87,,,,,,,,
2018/3/5,416.82,,,,,,,,
2018/3/6,421.67,,,,,,,,
2018/3/7,419.29,,,,,,,,
2018/3/8,417.45,,,,,,,,
2018/3/9,418.2,,,,,,,,
2018/3/12,417.25,,,,,,,,
2018/3/13,419.25,,,,,,,,
2018/3/14,418.76,,,,,,,,
2018/3/15,416.3,,,,,,,,
2018/3/16,414.59,,,,,,,,
2018/3/19,416.35,,,,,,,,
2018/3/20,414.54,,,,,,,,
2018/3/21,417.61,,,,,,,,
2018/3/22,419.49,,,,,,,,
2018/3/23,426.59,,,,,,,,
2018/3/26,428.29,,,,,,,,
2018/3/27,424.22,,,,,,,,
2018/3/28,418.61,,,,,,,,
2018/3/29,417.78,,,,,,,,
2018/4/2,424.03,,,,,,,,
2018/4/3,421.03,,,,,,,,
2018/4/4,421.96,,,,,,,,
2018/4/5,418.3,,,,,,,,
2018/4/6,420.71,,,,,,,,
2018/4/9,422.03,,,,,,,,
2018/4/10,423.88,,,,,,,,
2018/4/11,428.34,,,,,,,,
2018/4/12,422.66,,,,,,,,
2018/4/13,424.57,,,,,,,,
2018/4/16,425.51,,,,,,,,
2018/4/17,425.16,,,,,,,,
2018/4/18,426.44,,,,,,,,
2018/4/19,424.98,,,,,,,,
2018/4/20,421.69,,,,,,,,
2018/4/23,417.25,,,,,,,,
2018/4/24,420.1,,,,,,,,
2018/4/25,416.91,,,,,,,,
2018/4/26,415.39,,,,,,,,
2018/4/27,417.14,,,,,,,,
2018/4/30,415.88,,,,,,,,
2018/5/1,411.99,,,,,,,,
2018/5/2,411.64,,,,,,,,
2018/5/3,413.9,,,,,,,,
2018/5/4,414.55,,,,,,,,
2018/5/7,414.42,,,,,,,,
2018/5/8,414.32,,,,,,,,
2018/5/9,414.12,,,,,,,,
2018/5/10,417.06,,,,,,,,
2018/5/11,416.58,,,,,,,,
2018/5/14,415.8,,,,,,,,
2018/5/15,407,,,,,,,,
2018/5/16,407.4,,,,,,,,
2018/5/17,406.73,,,,,,,,
2018/5/18,407.28,,,,,,,,
2018/5/21,407.19,,,,,,,,
2018/5/22,407.52,,,,,,,,
2018/5/23,406.73,,,,,,,,
2018/5/24,411.46,,,,,,,,
2018/5/25,411.23,,,,,,,,
2018/5/29,409.78,,,,,,,,
2018/5/30,410.56,,,,,,,,
2018/5/31,410.01,,,,,,,,
2018/6/1,408.34,,,,,,,,
2018/6/4,407.77,,,,,,,,
2018/6/5,409.33,,,,,,,,
2018/6/6,409.1,,,,,,,,
2018/6/7,409.63,,,,,,,,
2018/6/8,409.56,,,,,,,,
2018/6/11,409.78,,,,,,,,
2018/6/12,408.61,,,,,,,,
2018/6/13,409.23,,,,,,,,
2018/6/14,411.45,,,,,,,,
2018/6/15,402.1,,,,,,,,
2018/6/18,402.67,,,,,,,,
2018/6/19,402.22,,,,,,,,
2018/6/20,400.95,,,,,,,,
2018/6/21,399.71,,,,,,,,
2018/6/22,399.79,,,,,,,,
2018/6/25,399.29,,,,,,,,
2018/6/26,396.48,,,,,,,,
2018/6/27,395.31,,,,,,,,
2018/6/28,393.72,,,,,,,,
2018/6/29,394.84,,,,,,,,
2018/7/2,390.88,,,,,,,,
2018/7/3,394.61,,,,,,,,
2018/7/5,396.32,,,,,,,,
2018/7/6,395.4,,,,,,,,
2018/7/9,396.66,,,,,,,,
2018/7/10,395.36,,,,,,,,
2018/7/11,391.9,,,,,,,,
2018/7/12,392.55,,,,,,,,
2018/7/13,390.83,,,,,,,,
2018/7/16,390.4,,,,,,,,
2018/7/17,386.51,,,,,,,,
2018/7/18,386.72,,,,,,,,
2018/7/19,385.37,,,,,,,,
2018/7/20,387.39,,,,,,,,
2018/7/23,385.58,,,,,,,,
2018/7/24,385.66,,,,,,,,
2018/7/25,387.68,,,,,,,,
2018/7/26,385.92,,,,,,,,
2018/7/27,385.13,,,,,,,,
2018/7/30,384.82,,,,,,,,
2018/7/31,385.5,,,,,,,,
2018/8/1,383.65,,,,,,,,
2018/8/2,381.32,,,,,,,,
2018/8/3,382.31,,,,,,,,
2018/8/6,380.66,,,,,,,,
2018/8/7,380.87,,,,,,,,
2018/8/8,381.73,,,,,,,,
2018/8/9,381.41,,,,,,,,
2018/8/10,381.15,,,,,,,,
2018/8/13,374.93,,,,,,,,
2018/8/14,375.51,,,,,,,,
2018/8/15,370.62,,,,,,,,
2018/8/16,370.33,,,,,,,,
2018/8/17,370.42,,,,,,,,
2018/8/20,373.73,,,,,,,,
2018/8/21,375.44,,,,,,,,
2018/8/22,376.5,,,,,,,,
2018/8/23,373.61,,,,,,,,
2018/8/24,379.67,,,,,,,,
2018/8/27,380.58,,,,,,,,
2018/8/28,380.1,,,,,,,,
2018/8/29,379.21,,,,,,,,
2018/8/30,377.2,,,,,,,,
2018/8/31,377.75,,,,,,,,
2018/9/4,375.46,,,,,,,,
2018/9/5,376.17,,,,,,,,
2018/9/6,377.13,,,,,,,,
2018/9/7,375.94,,,,,,,,
2018/9/10,375.81,,,,,,,,
2018/9/11,376.59,,,,,,,,
2018/9/12,379.33,,,,,,,,
2018/9/13,378.51,,,,,,,,
2018/9/14,376.31,,,,,,,,
2018/9/17,377.85,,,,,,,,
2018/9/18,376.96,,,,,,,,
2018/9/19,378.68,,,,,,,,
2018/9/20,379.64,,,,,,,,
2018/9/21,376.53,,,,,,,,
2018/9/24,377.57,,,,,,,,
2018/9/25,377.81,,,,,,,,
2018/9/26,375.95,,,,,,,,
2018/9/27,372.3,,,,,,,,
2018/9/28,375.09,,,,,,,,
2018/10/1,373.74,,,,,,,,
2018/10/2,378.56,,,,,,,,
2018/10/3,377.3,,,,,,,,
2018/10/4,376.92,,,,,,,,
2018/10/5,378.19,,,,,,,,
2018/10/8,372.93,,,,,,,,
2018/10/9,373.86,,,,,,,,
2018/10/10,374.48,,,,,,,,
2018/10/11,385.24,,,,,,,,
2018/10/12,383.5,,,,,,,,
2018/10/15,386.18,,,,,,,,
2018/10/16,386.42,,,,,,,,
2018/10/17,385.32,,,,,,,,
2018/10/18,386.19,,,,,,,,
2018/10/19,385.77,,,,,,,,
2018/10/22,384.56,,,,,,,,
2018/10/23,388.42,,,,,,,,
2018/10/24,386.65,,,,,,,,
2018/10/25,387.08,,,,,,,,
2018/10/26,388.18,,,,,,,,
2018/10/29,385.67,,,,,,,,
2018/10/30,384.98,,,,,,,,
2018/10/31,381.77,,,,,,,,
2018/11/1,389.21,,,,,,,,
2018/11/2,387.57,,,,,,,,
2018/11/5,387.33,,,,,,,,
2018/11/6,385.46,,,,,,,,
2018/11/7,386.24,,,,,,,,
2018/11/8,385.14,,,,,,,,
2018/11/9,379.97,,,,,,,,
2018/11/12,378.43,,,,,,,,
2018/11/13,377.8,,,,,,,,
2018/11/14,380.54,,,,,,,,
2018/11/15,382.16,,,,,,,,
2018/11/16,384.66,,,,,,,,
2018/11/19,385.39,,,,,,,,
2018/11/20,384.14,,,,,,,,
2018/11/21,386.29,,,,,,,,
2018/11/23,384.87,,,,,,,,
2018/11/26,384.82,,,,,,,,
2018/11/27,382.09,,,,,,,,
2018/11/28,385.21,,,,,,,,
2018/11/29,385.43,,,,,,,,
2018/11/30,384.08,,,,,,,,
2018/12/3,388.41,,,,,,,,
2018/12/4,390.63,,,,,,,,
2018/12/5,389.4,,,,,,,,
2018/12/6,389.74,,,,,,,,
2018/12/7,392.59,,,,,,,,
2018/12/10,391.66,,,,,,,,
2018/12/11,391,,,,,,,,
2018/12/12,391.9,,,,,,,,
2018/12/13,391.11,,,,,,,,
2018/12/14,389.26,,,,,,,,
2018/12/17,392.6,,,,,,,,
2018/12/18,393.19,,,,,,,,
2018/12/19,394.09,,,,,,,,
2018/12/20,397.73,,,,,,,,
2018/12/21,394.68,,,,,,,,
2018/12/24,399.05,,,,,,,,
2018/12/26,399.48,,,,,,,,
2018/12/27,402.05,,,,,,,,
2018/12/28,402.68,,,,,,,,
2018/12/31,402.22,,,,,,,,
2019/1/2,403.16,,,,,,,,
2019/1/3,406.55,,,,,,,,
2019/1/4,403.75,,,,,,,,
2019/1/7,405.12,,,,,,,,
2019/1/8,403.89,,,,,,,,
2019/1/9,405.83,,,,,,,,
2019/1/10,404.43,,,,,,,,
2019/1/11,405.11,,,,,,,,
2019/1/14,405.78,,,,,,,,
2019/1/15,404.84,,,,,,,,
2019/1/16,406.56,,,,,,,,
2019/1/17,406.08,,,,,,,,
2019/1/18,403.05,,,,,,,,
2019/1/22,403.34,,,,,,,,
2019/1/23,403.59,,,,,,,,
2019/1/24,402.27,,,,,,,,
2019/1/25,408.02,,,,,,,,
2019/1/28,409.7,,,,,,,,
2019/1/29,411.57,,,,,,,,
2019/1/30,411.69,,,,,,,,
2019/1/31,414.76,,,,,,,,
2019/2/1,413.81,,,,,,,,
2019/2/4,413.02,,,,,,,,
2019/2/5,413.02,,,,,,,,
2019/2/6,411.54,,,,,,,,
2019/2/7,411.5,,,,,,,,
2019/2/8,412.88,,,,,,,,
2019/2/11,410.89,,,,,,,,
2019/2/12,411.58,,,,,,,,
2019/2/13,411.95,,,,,,,,
2019/2/14,411.6,,,,,,,,
2019/2/15,414.2,,,,,,,,
2019/2/19,421.42,,,,,,,,
2019/2/20,422.42,,,,,,,,
2019/2/21,416.15,,,,,,,,
2019/2/22,417.75,,,,,,,,
2019/2/25,416.8,,,,,,,,
2019/2/26,416.51,,,,,,,,
2019/2/27,414.25,,,,,,,,
2019/2/28,412.68,,,,,,,,
2019/3/1,407.41,,,,,,,,
2019/3/4,403.82,,,,,,,,
2019/3/5,402.97,,,,,,,,
2019/3/6,403.9,,,,,,,,
2019/3/7,403.46,,,,,,,,
2019/3/8,407.62,,,,,,,,
2019/3/11,405.11,,,,,,,,
2019/3/12,407.31,,,,,,,,
2019/3/13,410.87,,,,,,,,
2019/3/14,406.4,,,,,,,,
2019/3/15,408.77,,,,,,,,
2019/3/18,408.47,,,,,,,,
2019/3/19,410.06,,,,,,,,
2019/3/20,408.56,,,,,,,,
2019/3/21,410.4,,,,,,,,
2019/3/22,412.02,,,,,,,,
2019/3/25,415.32,,,,,,,,
2019/3/26,412.97,,,,,,,,
2019/3/27,411.6,,,,,,,,
2019/3/28,404.87,,,,,,,,
2019/3/29,405.9,,,,,,,,
2019/4/1,404.64,,,,,,,,
2019/4/2,405.04,,,,,,,,
2019/4/3,405.03,,,,,,,,
2019/4/4,404.75,,,,,,,,
2019/4/5,405.18,,,,,,,,
2019/4/8,407.23,,,,,,,,
2019/4/9,409.26,,,,,,,,
2019/4/10,411.04,,,,,,,,
2019/4/11,404.62,,,,,,,,
2019/4/12,405.24,,,,,,,,
2019/4/15,404.1,,,,,,,,
2019/4/16,399.72,,,,,,,,
2019/4/17,399.62,,,,,,,,
2019/4/18,399.4,,,,,,,,
2019/4/22,400,,,,,,,,
2019/4/23,398.65,,,,,,,,
2019/4/24,400.62,,,,,,,,
2019/4/25,400.74,,,,,,,,
2019/4/26,403.62,,,,,,,,
2019/4/29,401.41,,,,,,,,
2019/4/30,402.75,,,,,,,,
2019/5/1,402.31,,,,,,,,
2019/5/2,398.52,,,,,,,,
2019/5/3,401.46,,,,,,,,
2019/5/6,402.32,,,,,,,,
2019/5/7,402.91,,,,,,,,
2019/5/8,401.62,,,,,,,,
2019/5/9,402.84,,,,,,,,
2019/5/10,403.53,,,,,,,,
2019/5/13,408.11,,,,,,,,
2019/5/14,406.39,,,,,,,,
2019/5/15,406.92,,,,,,,,
2019/5/16,403.29,,,,,,,,
2019/5/17,400.01,,,,,,,,
2019/5/20,400.56,,,,,,,,
2019/5/21,399.3,,,,,,,,
2019/5/22,399.55,,,,,,,,
2019/5/23,403.16,,,,,,,,
2019/5/24,402.63,,,,,,,,
2019/5/28,400.64,,,,,,,,
2019/5/29,401.85,,,,,,,,
2019/5/30,403.78,,,,,,,,
2019/5/31,409.65,,,,,,,,
2019/6/3,414.98,,,,,,,,
2019/6/4,415.26,,,,,,,,
2019/6/5,416.82,,,,,,,,
2019/6/6,419.69,,,,,,,,
2019/6/7,420.78,,,,,,,,
2019/6/10,415.61,,,,,,,,
2019/6/11,416.23,,,,,,,,
2019/6/12,418,,,,,,,,
2019/6/13,420.19,,,,,,,,
2019/6/14,420.46,,,,,,,,
2019/6/17,420.04,,,,,,,,
2019/6/18,422.51,,,,,,,,
2019/6/19,421.94,,,,,,,,
2019/6/20,437.01,,,,,,,,
2019/6/21,438.04,,,,,,,,
2019/6/24,443.78,,,,,,,,
2019/6/25,443.96,,,,,,,,
2019/6/26,442.96,,,,,,,,
2019/6/27,441.92,,,,,,,,
2019/6/28,442.47,,,,,,,,
2019/7/1,434.91,,,,,,,,
2019/7/2,440.79,,,,,,,,
2019/7/3,444.86,,,,,,,,
2019/7/5,438.4,,,,,,,,
2019/7/8,438.45,,,,,,,,
2019/7/9,438.64,,,,,,,,
2019/7/10,442.42,,,,,,,,
2019/7/11,440.68,,,,,,,,
2019/7/12,442.42,,,,,,,,
2019/7/15,442.9,,,,,,,,
2019/7/16,442.15,,,,,,,,
2019/7/17,446,,,,,,,,
2019/7/18,447.55,,,,,,,,
2019/7/19,447.14,,,,,,,,
2019/7/22,447.31,,,,,,,,
2019/7/23,445.72,,,,,,,,
2019/7/24,446.37,,,,,,,,
2019/7/25,443.59,,,,,,,,
2019/7/26,445.08,,,,,,,,
2019/7/29,445.5,,,,,,,,
2019/7/30,448.17,,,,,,,,
2019/7/31,446.95,,,,,,,,
2019/8/1,445.3,,,,,,,,
2019/8/2,453.12,,,,,,,,
2019/8/5,459.11,,,,,,,,
2019/8/6,461.53,,,,,,,,
2019/8/7,472.56,,,,,,,,
2019/8/8,469.45,,,,,,,,
2019/8/9,469.16,,,,,,,,
2019/8/12,471.95,,,,,,,,
2019/8/13,471.01,,,,,,,,
2019/8/14,475.3,,,,,,,,
2019/8/15,476.38,,,,,,,,
2019/8/16,474.04,,,,,,,,
2019/8/19,470.39,,,,,,,,
2019/8/20,471.69,,,,,,,,
2019/8/21,471.71,,,,,,,,
2019/8/22,469.5,,,,,,,,
2019/8/23,478.58,,,,,,,,
2019/8/26,478.53,,,,,,,,
2019/8/27,483.1,,,,,,,,
2019/8/28,482.29,,,,,,,,
2019/8/29,478.51,,,,,,,,
2019/8/30,476.2,,,,,,,,
2019/9/3,484.56,,,,,,,,
2019/9/4,485.99,,,,,,,,
2019/9/5,475.14,,,,,,,,
2019/9/6,472.06,,,,,,,,
2019/9/9,470.76,,,,,,,,
2019/9/10,467.08,,,,,,,,
2019/9/11,468.35,,,,,,,,
2019/9/12,469.68,,,,,,,,
2019/9/13,467.25,,,,,,,,
2019/9/16,471.06,,,,,,,,
2019/9/17,471.68,,,,,,,,
2019/9/18,472.45,,,,,,,,
2019/9/19,469.49,,,,,,,,
2019/9/20,472.29,,,,,,,,
2019/9/23,477.48,,,,,,,,
2019/9/24,480.21,,,,,,,,
2019/9/25,471.54,,,,,,,,
2019/9/26,472.47,,,,,,,,
2019/9/27,469.75,,,,,,,,
2019/9/30,459.38,,,,,,,,
2019/10/1,464.42,,,,,,,,
2019/10/2,470.34,,,,,,,,
2019/10/3,472.21,,,,,,,,
2019/10/4,471.95,,,,,,,,
2019/10/7,469.37,,,,,,,,
2019/10/8,469.24,,,,,,,,
2019/10/9,472.03,,,,,,,,
2019/10/10,468.34,,,,,,,,
2019/10/11,464.56,,,,,,,,
2019/10/14,467.4,,,,,,,,
2019/10/15,463.02,,,,,,,,
2019/10/16,466.32,,,,,,,,
2019/10/17,467.68,,,,,,,,
2019/10/18,466.39,,,,,,,,
2019/10/21,464.58,,,,,,,,
2019/10/22,464.42,,,,,,,,
2019/10/23,467,,,,,,,,
2019/10/24,469.83,,,,,,,,
2019/10/25,470.04,,,,,,,,
2019/10/28,467.14,,,,,,,,
2019/10/29,465.57,,,,,,,,
2019/10/30,467.46,,,,,,,,
2019/10/31,473.13,,,,,,,,
2019/11/1,472.09,,,,,,,,
2019/11/4,472.06,,,,,,,,
2019/11/5,463.52,,,,,,,,
2019/11/6,466.48,,,,,,,,
2019/11/7,458.16,,,,,,,,
2019/11/8,457.09,,,,,,,,
2019/11/11,455.35,,,,,,,,
2019/11/12,454.29,,,,,,,,
2019/11/13,457.3,,,,,,,,
2019/11/14,460.43,,,,,,,,
2019/11/15,458.95,,,,,,,,
2019/11/18,460.07,,,,,,,,
2019/11/19,460.84,,,,,,,,
2019/11/20,460.8,,,,,,,,
2019/11/21,457.55,,,,,,,,
2019/11/22,457.57,,,,,,,,
2019/11/25,455.54,,,,,,,,
2019/11/26,456.68,,,,,,,,
2019/11/27,454.65,,,,,,,,
2019/11/29,458.39,,,,,,,,
2019/12/2,457.36,,,,,,,,
2019/12/3,462.11,,,,,,,,
2019/12/4,460.83,,,,,,,,
2019/12/5,461.75,,,,,,,,
2019/12/6,456.16,,,,,,,,
2019/12/9,456.16,,,,,,,,
2019/12/10,457.18,,,,,,,,
2019/12/11,459.35,,,,,,,,
2019/12/12,458.52,,,,,,,,
2019/12/13,461.32,,,,,,,,
2019/12/16,461.16,,,,,,,,
2019/12/17,461.21,,,,,,,,
2019/12/18,460.63,,,,,,,,
2019/12/19,462.43,,,,,,,,
2019/12/20,461.36,,,,,,,,
2019/12/23,463.85,,,,,,,,
2019/12/24,468.89,,,,,,,,
2019/12/26,471.92,,,,,,,,
2019/12/27,473.09,,,,,,,,
2019/12/30,473.31,,,,,,,,
2019/12/31,474.73,,,,,,,,
2020/1/2,476.33,,,,,,,,
2020/1/3,483.92,,,,,,,,
2020/1/6,489.1,,,,,,,,
2020/1/7,490.83,,,,,,,,
2020/1/8,486.46,,,,,,,,
2020/1/9,484.64,,,,,,,,
2020/1/10,486.47,,,,,,,,
2020/1/13,483.59,,,,,,,,
2020/1/14,481.72,,,,,,,,
2020/1/15,484.6,,,,,,,,
2020/1/16,483.5,,,,,,,,
2020/1/17,486.63,,,,,,,,
2020/1/21,485.97,,,,,,,,
2020/1/22,485.62,,,,,,,,
2020/1/23,488.34,,,,,,,,
2020/1/24,490.41,,,,,,,,
2020/1/27,492.18,,,,,,,,
2020/1/28,489.75,,,,,,,,
2020/1/29,489.83,,,,,,,,
2020/1/30,493.95,,,,,,,,
2020/1/31,493.57,,,,,,,,
2020/2/3,491.93,,,,,,,,
2020/2/4,483.58,,,,,,,,
2020/2/5,485.87,,,,,,,,
2020/2/6,488.13,,,,,,,,
2020/2/7,489.21,,,,,,,,
2020/2/10,491.17,,,,,,,,
2020/2/11,488.27,,,,,,,,
2020/2/12,488.76,,,,,,,,
2020/2/13,491.02,,,,,,,,
2020/2/14,493.4,,,,,,,,
2020/2/18,498.84,,,,,,,,
2020/2/19,501.41,,,,,,,,
2020/2/20,504.14,,,,,,,,
2020/2/21,512.96,,,,,,,,
2020/2/24,521.68,,,,,,,,
2020/2/25,513.43,,,,,,,,
2020/2/26,511.3,,,,,,,,
2020/2/27,511.13,,,,,,,,
2020/2/28,487.57,,,,,,,,
2020/3/2,496.37,,,,,,,,
2020/3/3,511.83,,,,,,,,
2020/3/4,511.41,,,,,,,,
2020/3/5,519.21,,,,,,,,
2020/3/6,520.59,,,,,,,,
2020/3/9,521.62,,,,,,,,
2020/3/10,516.85,,,,,,,,
2020/3/11,511.27,,,,,,,,
2020/3/12,495.07,,,,,,,,
2020/3/13,472.17,,,,,,,,
2020/3/16,462.58,,,,,,,,
2020/3/17,474.86,,,,,,,,
2020/3/18,460.11,,,,,,,,
2020/3/19,460.64,,,,,,,,
2020/3/20,462.44,,,,,,,,
2020/3/23,488.75,,,,,,,,
2020/3/24,516.9,,,,,,,,
2020/3/25,507.89,,,,,,,,
2020/3/26,515.97,,,,,,,,
2020/3/27,514.04,,,,,,,,
2020/3/30,510.65,,,,,,,,
2020/3/31,496.17,,,,,,,,
2020/4/1,494.56,,,,,,,,
2020/4/2,508.95,,,,,,,,
2020/4/3,511.44,,,,,,,,
2020/4/6,526.42,,,,,,,,
2020/4/7,523.25,,,,,,,,
2020/4/8,523.44,,,,,,,,
2020/4/9,544.73,,,,,,,,
2020/4/13,547.41,,,,,,,,
2020/4/14,549.74,,,,,,,,
2020/4/15,540.83,,,,,,,,
2020/4/16,538.19,,,,,,,,
2020/4/17,527.97,,,,,,,,
2020/4/20,531.84,,,,,,,,
2020/4/21,524.57,,,,,,,,
2020/4/22,540.26,,,,,,,,
2020/4/23,542.47,,,,,,,,
2020/4/24,539.43,,,,,,,,
2020/4/27,535.77,,,,,,,,
2020/4/28,535.27,,,,,,,,
2020/4/29,532.54,,,,,,,,
2020/4/30,526.57,,,,,,,,
2020/5/1,528.66,,,,,,,,
2020/5/4,532.52,,,,,,,,
2020/5/5,531.68,,,,,,,,
2020/5/6,524.81,,,,,,,,
2020/5/7,536.41,,,,,,,,
2020/5/8,532.89,,,,,,,,
2020/5/11,528.04,,,,,,,,
2020/5/12,530.24,,,,,,,,
2020/5/13,533.21,,,,,,,,
2020/5/14,540.99,,,,,,,,
2020/5/15,545.91,,,,,,,,
2020/5/18,539.34,,,,,,,,
2020/5/19,542.8,,,,,,,,
2020/5/20,545.17,,,,,,,,
2020/5/21,536.31,,,,,,,,
2020/5/22,541.44,,,,,,,,
2020/5/26,533.64,,,,,,,,
2020/5/27,533.21,,,,,,,,
2020/5/28,533.67,,,,,,,,
2020/5/29,540.9,,,,,,,,
2020/6/1,540.47,,,,,,,,
2020/6/2,535.44,,,,,,,,
2020/6/3,526.43,,,,,,,,
2020/6/4,533.41,,,,,,,,
2020/6/5,519.7,,,,,,,,
2020/6/8,526.53,,,,,,,,
2020/6/9,531.72,,,,,,,,
2020/6/10,531.35,,,,,,,,
2020/6/11,537.25,,,,,,,,
2020/6/12,536.49,,,,,,,,
2020/6/15,533.37,,,,,,,,
2020/6/16,536.25,,,,,,,,
2020/6/17,535.97,,,,,,,,
2020/6/18,534.59,,,,,,,,
2020/6/19,541.35,,,,,,,,
2020/6/22,545.5,,,,,,,,
2020/6/23,550.32,,,,,,,,
2020/6/24,548.19,,,,,,,,
2020/6/25,546.8,,,,,,,,
2020/6/26,549.8,,,,,,,,
2020/6/29,550.09,,,,,,,,
2020/6/30,556.05,,,,,,,,
2020/7/1,549.69,,,,,,,,
2020/7/2,552.81,,,,,,,,
2020/7/6,553.9,,,,,,,,
2020/7/7,558.97,,,,,,,,
2020/7/8,562.27,,,,,,,,
2020/7/9,557.09,,,,,,,,
2020/7/10,556.47,,,,,,,,
2020/7/13,560.24,,,,,,,,
2020/7/14,559.67,,,,,,,,
2020/7/15,559.7,,,,,,,,
2020/7/16,555.11,,,,,,,,
2020/7/17,557.3,,,,,,,,
2020/7/20,559.25,,,,,,,,
2020/7/21,568.22,,,,,,,,
2020/7/22,575.21,,,,,,,,
2020/7/23,582.75,,,,,,,,
2020/7/24,585.13,,,,,,,,
2020/7/27,594.31,,,,,,,,
2020/7/28,596.9,,,,,,,,
2020/7/29,600.79,,,,,,,,
2020/7/30,597.78,,,,,,,,
2020/7/31,603.59,,,,,,,,
2020/8/3,603.71,,,,,,,,
2020/8/4,614.26,,,,,,,,
2020/8/5,622.87,,,,,,,,
2020/8/6,628.98,,,,,,,,
2020/8/7,616.4,,,,,,,,
2020/8/10,619.96,,,,,,,,
2020/8/11,591.57,,,,,,,,
2020/8/12,592.39,,,,,,,,
2020/8/13,598.9,,,,,,,,
2020/8/14,592.64,,,,,,,,
2020/8/17,607.51,,,,,,,,
2020/8/18,611.89,,,,,,,,
2020/8/19,598.88,,,,,,,,
2020/8/20,591.65,,,,,,,,
2020/8/21,591.8,,,,,,,,
2020/8/24,589.44,,,,,,,,
2020/8/25,584.54,,,,,,,,
2020/8/26,593.48,,,,,,,,
2020/8/27,587.43,,,,,,,,
2020/8/28,600.29,,,,,,,,
2020/8/31,601.42,,,,,,,,
2020/9/1,601.52,,,,,,,,
2020/9/2,591.12,,,,,,,,
2020/9/3,589.03,,,,,,,,
2020/9/4,587.96,,,,,,,,
2020/9/8,590.68,,,,,,,,
2020/9/9,594.23,,,,,,,,
2020/9/10,597.09,,,,,,,,
2020/9/11,592.11,,,,,,,,
2020/9/14,596.92,,,,,,,,
2020/9/15,597.68,,,,,,,,
2020/9/16,598.99,,,,,,,,
2020/9/17,592.73,,,,,,,,
2020/9/18,596.44,,,,,,,,
2020/9/21,580.79,,,,,,,,
2020/9/22,579.88,,,,,,,,
2020/9/23,567.97,,,,,,,,
2020/9/24,570.55,,,,,,,,
2020/9/25,567.33,,,,,,,,
2020/9/28,572.2,,,,,,,,
2020/9/29,578.55,,,,,,,,
2020/9/30,576.21,,,,,,,,
2020/10/1,582.54,,,,,,,,
2020/10/2,579.9,,,,,,,,
2020/10/5,583.7,,,,,,,,
2020/10/6,580.27,,,,,,,,
2020/10/7,574.8,,,,,,,,
2020/10/8,576.11,,,,,,,,
2020/10/9,585.56,,,,,,,,
2020/10/12,586.39,,,,,,,,
2020/10/13,575.96,,,,,,,,
2020/10/14,579.82,,,,,,,,
2020/10/15,580.31,,,,,,,,
2020/10/16,579.55,,,,,,,,
2020/10/19,581.17,,,,,,,,
2020/10/20,582.3,,,,,,,,
2020/10/21,586.58,,,,,,,,
2020/10/22,579.02,,,,,,,,
2020/10/23,579.2,,,,,,,,
2020/10/26,579.36,,,,,,,,
2020/10/27,581.24,,,,,,,,
2020/10/28,571.3,,,,,,,,
2020/10/29,567.9,,,,,,,,
2020/10/30,571.52,,,,,,,,
2020/11/2,575.36,,,,,,,,
2020/11/3,580.8,,,,,,,,
2020/11/4,576.48,,,,,,,,
2020/11/5,591.87,,,,,,,,
2020/11/6,593.36,,,,,,,,
2020/11/9,563.73,,,,,,,,
2020/11/10,570.46,,,,,,,,
2020/11/11,565.95,,,,,,,,
2020/11/12,569.6,,,,,,,,
2020/11/13,573.48,,,,,,,,
2020/11/16,573.82,,,,,,,,
2020/11/17,572.97,,,,,,,,
2020/11/18,569.31,,,,,,,,
2020/11/19,565.58,,,,,,,,
2020/11/20,569.01,,,,,,,,
2020/11/23,558.68,,,,,,,,
2020/11/24,548.62,,,,,,,,
2020/11/25,548.72,,,,,,,,
2020/11/27,541.72,,,,,,,,
2020/11/30,539.54,,,,,,,,
2020/12/1,551.06,,,,,,,,
2020/12/2,554.48,,,,,,,,
2020/12/3,557.78,,,,,,,,
2020/12/4,557.45,,,,,,,,
2020/12/7,565.33,,,,,,,,
2020/12/8,568.03,,,,,,,,
2020/12/9,557,,,,,,,,
2020/12/10,556.67,,,,,,,,
2020/12/11,558.55,,,,,,,,
2020/12/14,555.07,,,,,,,,
2020/12/15,562.1,,,,,,,,
2020/12/16,563.25,,,,,,,,
2020/12/17,572.74,,,,,,,,
2020/12/18,572.29,,,,,,,,
2020/12/21,570.44,,,,,,,,
2020/12/22,566.65,,,,,,,,
2020/12/23,569.02,,,,,,,,
2020/12/24,570.57,,,,,,,,
2020/12/28,569.72,,,,,,,,
2020/12/29,570.48,,,,,,,,
2020/12/30,573.67,,,,,,,,
2020/12/31,574.18,,,,,,,,
2021/1/4,589.79,,,,,,,,
2021/1/5,592.16,,,,,,,,
2021/1/6,578.28,,,,,,,,
2021/1/7,579.8,,,,,,,,
2021/1/8,556.11,,,,,,,,
2021/1/11,560.76,,,,,,,,
2021/1/12,558.75,,,,,,,,
2021/1/13,561.97,,,,,,,,
2021/1/14,560.94,,,,,,,,
2021/1/15,554.38,,,,,,,,
2021/1/19,557.5,,,,,,,,
2021/1/20,565.42,,,,,,,,
2021/1/21,565.15,,,,,,,,
2021/1/22,562.31,,,,,,,,
2021/1/25,562.04,,,,,,,,
2021/1/26,560.78,,,,,,,,
2021/1/27,558.99,,,,,,,,
2021/1/28,556.67,,,,,,,,
2021/1/29,559.42,,,,,,,,
2021/2/1,563.53,,,,,,,,
2021/2/2,554.31,,,,,,,,
2021/2/3,554.83,,,,,,,,
2021/2/4,541.56,,,,,,,,
2021/2/5,548.15,,,,,,,,
2021/2/8,554.56,,,,,,,,
2021/2/9,555.56,,,,,,,,
2021/2/10,557.13,,,,,,,,
2021/2/11,552.33,,,,,,,,
2021/2/12,551.24,,,,,,,,
2021/2/16,543.92,,,,,,,,
2021/2/17,536,,,,,,,,
2021/2/18,536.67,,,,,,,,
2021/2/19,537.39,,,,,,,,
2021/2/22,546.77,,,,,,,,
2021/2/23,546.01,,,,,,,,
2021/2/24,543.6,,,,,,,,
2021/2/25,536.79,,,,,,,,
2021/2/26,522.7,,,,,,,,
2021/3/1,520.95,,,,,,,,
2021/3/2,524.16,,,,,,,,
2021/3/3,518.78,,,,,,,,
2021/3/4,514.21,,,,,,,,
2021/3/5,513.55,,,,,,,,
2021/3/8,507.33,,,,,,,,
2021/3/9,519.09,,,,,,,,
2021/3/10,520.55,,,,,,,,
2021/3/11,520.77,,,,,,,,
2021/3/12,519.92,,,,,,,,
2021/3/15,522.76,,,,,,,,
2021/3/16,523.19,,,,,,,,
2021/3/17,521.98,,,,,,,,
2021/3/18,523.61,,,,,,,,
2021/3/19,526.42,,,,,,,,
2021/3/22,525.36,,,,,,,,
2021/3/23,521.47,,,,,,,,
2021/3/24,523.88,,,,,,,,
2021/3/25,521.41,,,,,,,,
2021/3/26,523.64,,,,,,,,
2021/3/29,517.58,,,,,,,,
2021/3/30,508.94,,,,,,,,
2021/3/31,517.88,,,,,,,,
2021/4/1,521.74,,,,,,,,
2021/4/5,521.86,,,,,,,,
2021/4/6,526.15,,,,,,,,
2021/4/7,525.73,,,,,,,,
2021/4/8,530.74,,,,,,,,
2021/4/9,526.7,,,,,,,,
2021/4/12,523.04,,,,,,,,
2021/4/13,527.54,,,,,,,,
2021/4/14,524.13,,,,,,,,
2021/4/15,533.34,,,,,,,,
2021/4/16,537.38,,,,,,,,
2021/4/19,534.49,,,,,,,,
2021/4/20,536.84,,,,,,,,
2021/4/21,541.28,,,,,,,,
2021/4/22,537.93,,,,,,,,
2021/4/23,536.66,,,,,,,,
2021/4/26,537.36,,,,,,,,
2021/4/27,536.96,,,,,,,,
2021/4/28,535.49,,,,,,,,
2021/4/29,533.8,,,,,,,,
2021/4/30,533.61,,,,,,,,
2021/5/3,540.89,,,,,,,,
2021/5/4,536.12,,,,,,,,
2021/5/5,538.63,,,,,,,,
2021/5/6,548.11,,,,,,,,
2021/5/7,552.82,,,,,,,,
2021/5/10,554.72,,,,,,,,
2021/5/11,554.24,,,,,,,,
2021/5/12,550.23,,,,,,,,
2021/5/13,550.61,,,,,,,,
2021/5/14,554.81,,,,,,,,
2021/5/17,563.73,,,,,,,,
2021/5/18,563.88,,,,,,,,
2021/5/19,567.89,,,,,,,,
2021/5/20,568.04,,,,,,,,
2021/5/21,566.54,,,,,,,,
2021/5/24,568.89,,,,,,,,
2021/5/25,573.05,,,,,,,,
2021/5/26,574.05,,,,,,,,
2021/5/27,572.45,,,,,,,,
2021/5/28,574.5,,,,,,,,
2021/6/1,574.41,,,,,,,,
2021/6/2,575.89,,,,,,,,
2021/6/3,564.85,,,,,,,,
2021/6/4,570.49,,,,,,,,
2021/6/7,572.54,,,,,,,,
2021/6/8,571.22,,,,,,,,
2021/6/9,571.55,,,,,,,,
2021/6/10,571.82,,,,,,,,
2021/6/11,566.75,,,,,,,,
2021/6/14,562.62,,,,,,,,
2021/6/15,559.76,,,,,,,,
2021/6/16,561.27,,,,,,,,
2021/6/17,535.16,,,,,,,,
2021/6/18,533.41,,,,,,,,
2021/6/21,537.6,,,,,,,,
2021/6/22,535.94,,,,,,,,
2021/6/23,537.75,,,,,,,,
2021/6/24,535.73,,,,,,,,
2021/6/25,536.07,,,,,,,,
2021/6/28,536.94,,,,,,,,
2021/6/29,531.79,,,,,,,,
2021/6/30,534.2,,,,,,,,
2021/7/1,535.77,,,,,,,,
2021/7/2,537.73,,,,,,,,
2021/7/6,541.02,,,,,,,,
2021/7/7,543.4,,,,,,,,
2021/7/8,542.83,,,,,,,,
2021/7/9,545.96,,,,,,,,
2021/7/12,544.55,,,,,,,,
2021/7/13,545.77,,,,,,,,
2021/7/14,550.32,,,,,,,,
2021/7/15,551.52,,,,,,,,
2021/7/16,547.31,,,,,,,,
2021/7/19,545.54,,,,,,,,
2021/7/20,546.14,,,,,,,,
2021/7/21,543.8,,,,,,,,
2021/7/22,544.34,,,,,,,,
2021/7/23,543.35,,,,,,,,
2021/7/26,542.6,,,,,,,,
2021/7/27,542.78,,,,,,,,
2021/7/28,542.96,,,,,,,,
2021/7/29,552.35,,,,,,,,
2021/7/30,546.75,,,,,,,,
2021/8/2,548.26,,,,,,,,
2021/8/3,545.82,,,,,,,,
2021/8/4,545.94,,,,,,,,
2021/8/5,544.26,,,,,,,,
2021/8/6,530.48,,,,,,,,
2021/8/9,519.47,,,,,,,,
2021/8/10,521.03,,,,,,,,
2021/8/11,527.53,,,,,,,,
2021/8/12,527.08,,,,,,,,
2021/8/13,535.03,,,,,,,,
2021/8/16,538.52,,,,,,,,
2021/8/17,537.92,,,,,,,,
2021/8/18,536.9,,,,,,,,
2021/8/19,536.51,,,,,,,,
2021/8/20,536.78,,,,,,,,
2021/8/23,543.49,,,,,,,,
2021/8/24,544.16,,,,,,,,
2021/8/25,538.89,,,,,,,,
2021/8/26,540.16,,,,,,,,
2021/8/27,547.47,,,,,,,,
2021/8/30,545.27,,,,,,,,
2021/8/31,547.05,,,,,,,,
2021/9/1,546.42,,,,,,,,
2021/9/2,545.06,,,,,,,,
2021/9/3,551.75,,,,,,,,
2021/9/7,541.16,,,,,,,,
2021/9/8,539.65,,,,,,,,
2021/9/9,541.61,,,,,,,,
2021/9/10,539.23,,,,,,,,
2021/9/13,539.93,,,,,,,,
2021/9/14,543.75,,,,,,,,
2021/9/15,540.05,,,,,,,,
2021/9/16,528.59,,,,,,,,
2021/9/17,526.99,,,,,,,,
2021/9/20,530.72,,,,,,,,
2021/9/21,535.06,,,,,,,,
2021/9/22,535.24,,,,,,,,
2021/9/23,526.51,,,,,,,,
2021/9/24,527.09,,,,,,,,
2021/9/27,527.18,,,,,,,,
2021/9/28,522.81,,,,,,,,
2021/9/29,518.42,,,,,,,,
2021/9/30,528.68,,,,,,,,
2021/10/1,529.1,,,,,,,,
2021/10/4,531.87,,,,,,,,
2021/10/5,529.86,,,,,,,,
2021/10/6,530.13,,,,,,,,
2021/10/7,529.35,,,,,,,,
2021/10/8,528.81,,,,,,,,
2021/10/11,528.3,,,,,,,,
2021/10/12,529.38,,,,,,,,
2021/10/13,540.03,,,,,,,,
2021/10/14,541,,,,,,,,
2021/10/15,532.09,,,,,,,,
2021/10/18,531.31,,,,,,,,
2021/10/19,532.76,,,,,,,,
2021/10/20,537.09,,,,,,,,
2021/10/21,536.19,,,,,,,,
2021/10/22,540.52,,,,,,,,
2021/10/25,543.69,,,,,,,,
2021/10/26,539.65,,,,,,,,
2021/10/27,541.28,,,,,,,,
2021/10/28,542.42,,,,,,,,
2021/10/29,536.8,,,,,,,,
2021/11/1,540.38,,,,,,,,
2021/11/2,538.46,,,,,,,,
2021/11/3,530.78,,,,,,,,
2021/11/4,539.69,,,,,,,,
2021/11/5,546.7,,,,,,,,
2021/11/8,550.07,,,,,,,,
2021/11/9,550.91,,,,,,,,
2021/11/10,556.2,,,,,,,,
2021/11/11,560.92,,,,,,,,
2021/11/12,562.27,,,,,,,,
2021/11/15,561.79,,,,,,,,
2021/11/16,558.04,,,,,,,,
2021/11/17,562.88,,,,,,,,
2021/11/18,560.23,,,,,,,,
2021/11/19,557.32,,,,,,,,
2021/11/22,543.73,,,,,,,,
2021/11/23,536.88,,,,,,,,
2021/11/24,537.06,,,,,,,,
2021/11/26,537.43,,,,,,,,
2021/11/29,536.56,,,,,,,,
2021/11/30,533.94,,,,,,,,
2021/12/1,536.29,,,,,,,,
2021/12/2,529.8,,,,,,,,
2021/12/3,536.17,,,,,,,,
2021/12/6,534.85,,,,,,,,
2021/12/7,536.41,,,,,,,,
2021/12/8,536.65,,,,,,,,
2021/12/9,534.01,,,,,,,,
2021/12/10,536.45,,,,,,,,
2021/12/13,537.5,,,,,,,,
2021/12/14,532.69,,,,,,,,
2021/12/15,530.35,,,,,,,,
2021/12/16,540.48,,,,,,,,
2021/12/17,542.49,,,,,,,,
2021/12/20,539.4,,,,,,,,
2021/12/21,537.63,,,,,,,,
2021/12/22,541.69,,,,,,,,
2021/12/23,544.54,,,,,,,,
2021/12/27,543.67,,,,,,,,
2021/12/28,544.31,,,,,,,,
2021/12/29,542.78,,,,,,,,
2021/12/30,545.27,,,,,,,,
2021/12/31,549.63,,,,,,,,
2022/1/3,541.07,,,,,,,,
2022/1/4,545.43,,,,,,,,
2022/1/5,548.59,,,,,,,,
2022/1/6,537.8,,,,,,,,
2022/1/7,540.26,,,,,,,,
2022/1/10,540.69,,,,,,,,
2022/1/11,546.61,,,,,,,,
2022/1/12,549.25,,,,,,,,
2022/1/13,547.48,,,,,,,,
2022/1/14,546.01,,,,,,,,
2022/1/18,544.79,,,,,,,,
2022/1/19,553.98,,,,,,,,
2022/1/20,553.8,,,,,,,,
2022/1/21,550.56,,,,,,,,
2022/1/24,553.6,,,,,,,,
2022/1/25,556.85,,,,,,,,
2022/1/26,549.94,,,,,,,,
2022/1/27,538.84,,,,,,,,
2022/1/28,536.32,,,,,,,,
2022/1/31,539.27,,,,,,,,
2022/2/1,540.81,,,,,,,,
2022/2/2,543.45,,,,,,,,
2022/2/3,541.59,,,,,,,,
2022/2/4,542.71,,,,,,,,
2022/2/7,546.92,,,,,,,,
2022/2/8,548.76,,,,,,,,
2022/2/9,551.37,,,,,,,,
2022/2/10,551.62,,,,,,,,
2022/2/11,553.03,,,,,,,,
2022/2/14,561.24,,,,,,,,
2022/2/15,557.29,,,,,,,,
2022/2/16,561.89,,,,,,,,
2022/2/17,571.05,,,,,,,,
2022/2/18,570.4,,,,,,,,
2022/2/22,572.71,,,,,,,,
2022/2/23,573.62,,,,,,,,
2022/2/24,578.4,,,,,,,,
2022/2/25,566.78,,,,,,,,
2022/2/28,570.73,,,,,,,,
2022/3/1,583.68,,,,,,,,
2022/3/2,577.23,,,,,,,,
2022/3/3,581.32,,,,,,,,
2022/3/4,590.54,,,,,,,,
2022/3/7,599.36,,,,,,,,
2022/3/8,613.6,,,,,,,,
2022/3/9,597.09,,,,,,,,
2022/3/10,600.86,,,,,,,,
2022/3/11,596.32,,,,,,,,
2022/3/14,589.18,,,,,,,,
2022/3/15,579.95,,,,,,,,
2022/3/16,573.84,,,,,,,,
2022/3/17,584.01,,,,,,,,
2022/3/18,579.73,,,,,,,,
2022/3/21,580.02,,,,,,,,
2022/3/22,577.6,,,,,,,,
2022/3/23,582.38,,,,,,,,
2022/3/24,589.91,,,,,,,,
2022/3/25,587.55,,,,,,,,
2022/3/28,583.05,,,,,,,,
2022/3/29,575.05,,,,,,,,
2022/3/30,581.36,,,,,,,,
2022/3/31,585.86,,,,,,,,
2022/4/1,576.79,,,,,,,,
2022/4/4,579.91,,,,,,,,
2022/4/5,577.97,,,,,,,,
2022/4/6,576.66,,,,,,,,
2022/4/7,581.08,,,,,,,,
2022/4/8,583.43,,,,,,,,
2022/4/11,584.24,,,,,,,,
2022/4/12,592.62,,,,,,,,
2022/4/13,595.21,,,,,,,,
2022/4/14,592.29,,,,,,,,
2022/4/18,595.79,,,,,,,,
2022/4/19,587.58,,,,,,,,
2022/4/20,586.58,,,,,,,,
2022/4/21,584.37,,,,,,,,
2022/4/22,580.22,,,,,,,,
2022/4/25,568.77,,,,,,,,
2022/4/26,571.21,,,,,,,,
2022/4/27,566.61,,,,,,,,
2022/4/28,567.4,,,,,,,,
2022/4/29,573.53,,,,,,,,
2022/5/2,559.15,,,,,,,,
2022/5/3,561.26,,,,,,,,
2022/5/4,560.73,,,,,,,,
2022/5/5,562.82,,,,,,,,
2022/5/6,564.96,,,,,,,,
2022/5/9,557.74,,,,,,,,
2022/5/10,552.5,,,,,,,,
2022/5/11,556.3,,,,,,,,
2022/5/12,547.53,,,,,,,,
2022/5/13,542.52,,,,,,,,
2022/5/16,544.24,,,,,,,,
2022/5/17,545.75,,,,,,,,
2022/5/18,544.87,,,,,,,,
2022/5/19,552.48,,,,,,,,
2022/5/20,552.67,,,,,,,,
2022/5/23,554.37,,,,,,,,
2022/5/24,559.62,,,,,,,,
2022/5/25,553.98,,,,,,,,
2022/5/26,554.42,,,,,,,,
2022/5/27,555.45,,,,,,,,
2022/5/31,552.85,,,,,,,,
2022/6/1,552.96,,,,,,,,
2022/6/2,559.77,,,,,,,,
2022/6/3,553.44,,,,,,,,
2022/6/6,551.55,,,,,,,,
2022/6/7,554.08,,,,,,,,
2022/6/8,555.42,,,,,,,,
2022/6/9,554.33,,,,,,,,
2022/6/10,561.14,,,,,,,,
2022/6/13,548.12,,,,,,,,
2022/6/14,542.67,,,,,,,,
2022/6/15,544.52,,,,,,,,
2022/6/16,553.61,,,,,,,,
2022/6/17,550.85,,,,,,,,
2022/6/21,550.42,,,,,,,,
2022/6/22,550.32,,,,,,,,
2022/6/23,547.77,,,,,,,,
2022/6/24,547.95,,,,,,,,
2022/6/27,546.38,,,,,,,,
2022/6/28,545.33,,,,,,,,
2022/6/29,544.25,,,,,,,,
2022/6/30,541.22,,,,,,,,
2022/7/1,539.51,,,,,,,,
2022/7/5,528.35,,,,,,,,
2022/7/6,520.17,,,,,,,,
2022/7/7,521.16,,,,,,,,
2022/7/8,521.96,,,,,,,,
2022/7/11,518.88,,,,,,,,
2022/7/12,516.86,,,,,,,,
2022/7/13,520.08,,,,,,,,
2022/7/14,511.31,,,,,,,,
2022/7/15,510.39,,,,,,,,
2022/7/18,512.26,,,,,,,,
2022/7/19,512.27,,,,,,,,
2022/7/20,509.22,,,,,,,,
2022/7/21,513.29,,,,,,,,
2022/7/22,517.47,,,,,,,,
2022/7/25,515.15,,,,,,,,
2022/7/26,514.77,,,,,,,,
2022/7/27,515.34,,,,,,,,
2022/7/28,524.78,,,,,,,,
2022/7/29,528.55,,,,,,,,
2022/8/1,530.41,,,,,,,,
2022/8/2,531.04,,,,,,,,
2022/8/3,527.13,,,,,,,,
2022/8/4,536.22,,,,,,,,
2022/8/5,531.6,,,,,,,,
2022/8/8,535.87,,,,,,,,
2022/8/9,538.01,,,,,,,,
2022/8/10,538.47,,,,,,,,
2022/8/11,536.58,,,,,,,,
2022/8/12,539.08,,,,,,,,
2022/8/15,534.03,,,,,,,,
2022/8/16,531.57,,,,,,,,
2022/8/17,527.75,,,,,,,,
2022/8/18,526.15,,,,,,,,
2022/8/19,523.73,,,,,,,,
2022/8/22,519.53,,,,,,,,
2022/8/23,523.38,,,,,,,,
2022/8/24,523.5,,,,,,,,
2022/8/25,526.49,,,,,,,,
2022/8/26,520.11,,,,,,,,
2022/8/29,520.2,,,,,,,,
2022/8/30,516.25,,,,,,,,
2022/8/31,513.29,,,,,,,,
2022/9/1,508.31,,,,,,,,
2022/9/2,512.3,,,,,,,,
2022/9/6,509.58,,,,,,,,
2022/9/7,514.06,,,,,,,,
2022/9/8,511.84,,,,,,,,
2022/9/9,514.38,,,,,,,,
2022/9/12,518.08,,,,,,,,
2022/9/13,511.22,,,,,,,,
2022/9/14,508.79,,,,,,,,
2022/9/15,499.37,,,,,,,,
2022/9/16,501.26,,,,,,,,
2022/9/19,499.81,,,,,,,,
2022/9/20,497.74,,,,,,,,
2022/9/21,499.16,,,,,,,,
2022/9/22,500.81,,,,,,,,
2022/9/23,493.26,,,,,,,,
2022/9/26,486.78,,,,,,,,
2022/9/27,487.66,,,,,,,,
2022/9/28,497.78,,,,,,,,
2022/9/29,497.4,,,,,,,,
2022/9/30,498.46,,,,,,,,
2022/10/3,507.54,,,,,,,,
2022/10/4,516.09,,,,,,,,
2022/10/5,513.25,,,,,,,,
2022/10/6,513.29,,,,,,,,
2022/10/7,509.91,,,,,,,,
2022/10/10,499.88,,,,,,,,
2022/10/11,503.15,,,,,,,,
2022/10/12,500.66,,,,,,,,
2022/10/13,500.56,,,,,,,,
2022/10/14,492.22,,,,,,,,
2022/10/17,496.88,,,,,,,,
2022/10/18,494.48,,,,,,,,
2022/10/19,488.08,,,,,,,,
2022/10/20,488.91,,,,,,,,
2022/10/21,494.79,,,,,,,,
2022/10/24,494.29,,,,,,,,
2022/10/25,495.51,,,,,,,,
2022/10/26,498.91,,,,,,,,
2022/10/27,497.89,,,,,,,,
2022/10/28,491.73,,,,,,,,
2022/10/31,490.67,,,,,,,,
2022/11/1,493.42,,,,,,,,
2022/11/2,493.56,,,,,,,,
2022/11/3,487.9,,,,,,,,
2022/11/4,501.63,,,,,,,,
2022/11/7,502.97,,,,,,,,
2022/11/8,513.63,,,,,,,,
2022/11/9,513.02,,,,,,,,
2022/11/10,524.99,,,,,,,,
2022/11/11,529.72,,,,,,,,
2022/11/14,532.08,,,,,,,,
2022/11/15,532.38,,,,,,,,
2022/11/16,532.26,,,,,,,,
2022/11/17,528.4,,,,,,,,
2022/11/18,525.84,,,,,,,,
2022/11/21,521.75,,,,,,,,
2022/11/22,521.87,,,,,,,,
2022/11/23,523.59,,,,,,,,
2022/11/25,526.22,,,,,,,,
2022/11/28,522.38,,,,,,,,
2022/11/29,524.95,,,,,,,,
2022/11/30,523.88,,,,,,,,
2022/12/1,540.4,,,,,,,,
2022/12/2,538.8,,,,,,,,
2022/12/5,530.57,,,,,,,,
2022/12/6,530.96,,,,,,,,
2022/12/7,535.67,,,,,,,,
2022/12/8,536.77,,,,,,,,
2022/12/9,539.58,,,,,,,,
2022/12/12,534.29,,,,,,,,
2022/12/13,544.25,,,,,,,,
2022/12/14,542.29,,,,,,,,
2022/12/15,533.14,,,,,,,,
2022/12/16,536.9,,,,,,,,
2022/12/19,536.34,,,,,,,,
2022/12/20,544.67,,,,,,,,
2022/12/21,544.74,,,,,,,,
2022/12/22,535.82,,,,,,,,
2022/12/23,538.54,,,,,,,,
2022/12/27,544.44,,,,,,,,
2022/12/28,542.33,,,,,,,,
2022/12/29,545.44,,,,,,,,
2022/12/30,545.57,,,,,,,,
2023/1/3,551.78,,,,,,,,
2023/1/4,555.7,,,,,,,,
2023/1/5,550.27,,,,,,,,
2023/1/6,559.04,,,,,,,,
2023/1/9,561.67,,,,,,,,
2023/1/10,561.36,,,,,,,,
2023/1/11,562.16,,,,,,,,
2023/1/12,568.17,,,,,,,,
2023/1/13,575.07,,,,,,,,
2023/1/17,571.86,,,,,,,,
2023/1/18,571.07,,,,,,,,
2023/1/19,576.13,,,,,,,,
2023/1/20,577.48,,,,,,,,
2023/1/23,577.85,,,,,,,,
2023/1/24,579.95,,,,,,,,
2023/1/25,582.16,,,,,,,,
2023/1/26,578.46,,,,,,,,
2023/1/27,578.21,,,,,,,,
2023/1/30,576.53,,,,,,,,
2023/1/31,578.41,,,,,,,,
2023/2/1,577.74,,,,,,,,
2023/2/2,574.25,,,,,,,,
2023/2/3,558.2,,,,,,,,
2023/2/6,559.28,,,,,,,,
2023/2/7,560.93,,,,,,,,
2023/2/8,562.76,,,,,,,,
2023/2/9,559.2,,,,,,,,
2023/2/10,558.08,,,,,,,,
2023/2/13,555.02,,,,,,,,
2023/2/14,555.66,,,,,,,,
2023/2/15,549.74,,,,,,,,
2023/2/16,551.75,,,,,,,,
2023/2/17,551.35,,,,,,,,
2023/2/21,549.34,,,,,,,,
2023/2/22,549.11,,,,,,,,
2023/2/23,544.8,,,,,,,,
2023/2/24,541.98,,,,,,,,
2023/2/27,544.52,,,,,,,,
2023/2/28,548.12,,,,,,,,
2023/3/1,550.79,,,,,,,,
2023/3/2,549.4,,,,,,,,
2023/3/3,553.68,,,,,,,,
2023/3/6,553.9,,,,,,,,
2023/3/7,543.64,,,,,,,,
2023/3/8,543.31,,,,,,,,
2023/3/9,548.13,,,,,,,,
2023/3/10,557.87,,,,,,,,
2023/3/13,572.65,,,,,,,,
2023/3/14,571.07,,,,,,,,
2023/3/15,577.28,,,,,,,,
2023/3/16,574.86,,,,,,,,
2023/3/17,589.91,,,,,,,,
2023/3/20,592.96,,,,,,,,
2023/3/21,580.76,,,,,,,,
2023/3/22,583.3,,,,,,,,
2023/3/23,597.22,,,,,,,,
2023/3/24,593.86,,,,,,,,
2023/3/27,585.13,,,,,,,,
2023/3/28,590.82,,,,,,,,
2023/3/29,589.14,,,,,,,,
2023/3/30,593.14,,,,,,,,
2023/3/31,589.8,,,,,,,,
2023/4/3,594.25,,,,,,,,
2023/4/4,605.56,,,,,,,,
2023/4/5,604.87,,,,,,,,
2023/4/6,602.22,,,,,,,,
2023/4/10,595.82,,,,,,,,
2023/4/11,600.42,,,,,,,,
2023/4/12,602.26,,,,,,,,
2023/4/13,611.39,,,,,,,,
2023/4/14,599.72,,,,,,,,
2023/4/17,597.35,,,,,,,,
2023/4/18,601.22,,,,,,,,
2023/4/19,597.61,,,,,,,,
2023/4/20,601.21,,,,,,,,
2023/4/21,592.78,,,,,,,,
2023/4/24,595.8,,,,,,,,
2023/4/25,597.29,,,,,,,,
2023/4/26,594.84,,,,,,,,
2023/4/27,595.82,,,,,,,,
2023/4/28,595.93,,,,,,,,
2023/5/1,594.13,,,,,,,,
2023/5/2,603.49,,,,,,,,
2023/5/3,607.66,,,,,,,,
2023/5/4,613.32,,,,,,,,
2023/5/5,604.19,,,,,,,,
,,,,,,,,,
,,,,,,,,,
,,,,,,,,,
,,,,,,,,,
,,,,,,,,,
,,,,,,,,,
,,,,,,,,,
,,,,,,,,,
,,,,,,,,,
,,,,,,,,,
,,,,,,,,,
,,,,,,,,,
,,,,,,,,,
,,,,,,,,,
,,,,,,,,,
,,,,,,,,,
,,,,,,,,,
,,,,,,,,,
,,,,,,,,,
,,,,,,,,,
,,,,,,,,,
,,,,,,,,,
,,,,,,,,,
,,,,,,,,,
,,,,,,,,,
,,,,,,,,,
,,,,,,,,,
,,,,,,,,,
,,,,,,,,,
,,,,,,,,,
,,,,,,,,,
,,,,,,,,,
,,,,,,,,,
,,,,,,,,,
,,,,,,,,,
,,,,,,,,,
,,,,,,,,,
,,,,,,,,,
,,,,,,,,,
,,,,,,,,,
,,,,,,,,,
,,,,,,,,,
,,,,,,,,,
,,,,,,,,,
,,,,,,,,,
,,,,,,,,,
,,,,,,,,,
,,,,,,,,,
,,,,,,,,,
,,,,,,,,,
,,,,,,,,,
,,,,,,,,,
,,,,,,,,,
,,,,,,,,,
,,,,,,,,,
,,,,,,,,,
,,,,,,,,,
,,,,,,,,,
,,,,,,,,,
,,,,,,,,,
,,,,,,,,,
,,,,,,,,,
,,,,,,,,,
,,,,,,,,,
,,,,,,,,,
,,,,,,,,,
,,,,,,,,,
,,,,,,,,,
,,,,,,,,,
,,,,,,,,,
,,,,,,,,,
,,,,,,,,,
