Effective date ,Dow Jones U.S. Oil & Gas Total Return Index,,,,,,,,
2013/4/30,1085.01,,,,,,,,
2013/5/1,1067.17,,,,,,,,
2013/5/2,1080.9,,,,,,,,
2013/5/3,1101.17,,,,,,,,
2013/5/6,1107.67,,,,,,,,
2013/5/7,1115.63,,,,,,,,
2013/5/8,1117.91,,,,,,,,
2013/5/9,1116.13,,,,,,,,
2013/5/10,1111.24,,,,,,,,
2013/5/13,1110.61,,,,,,,,
2013/5/14,1124.99,,,,,,,,
2013/5/15,1122.07,,,,,,,,
2013/5/16,1116.6,,,,,,,,
2013/5/17,1134.7,,,,,,,,
2013/5/20,1149.19,,,,,,,,
2013/5/21,1148.06,,,,,,,,
2013/5/22,1133.94,,,,,,,,
2013/5/23,1131.86,,,,,,,,
2013/5/24,1127.8,,,,,,,,
2013/5/28,1139.6,,,,,,,,
2013/5/29,1137.71,,,,,,,,
2013/5/30,1134.79,,,,,,,,
2013/5/31,1112.18,,,,,,,,
2013/6/3,1122.98,,,,,,,,
2013/6/4,1114.66,,,,,,,,
2013/6/5,1102.53,,,,,,,,
2013/6/6,1111.01,,,,,,,,
2013/6/7,1124.1,,,,,,,,
2013/6/10,1120.98,,,,,,,,
2013/6/11,1104.81,,,,,,,,
2013/6/12,1094.81,,,,,,,,
2013/6/13,1113.94,,,,,,,,
2013/6/14,1103.59,,,,,,,,
2013/6/17,1118.3,,,,,,,,
2013/6/18,1124.92,,,,,,,,
2013/6/19,1113.99,,,,,,,,
2013/6/20,1082.89,,,,,,,,
2013/6/21,1085.39,,,,,,,,
2013/6/24,1069.08,,,,,,,,
2013/6/25,1081.69,,,,,,,,
2013/6/26,1089.48,,,,,,,,
2013/6/27,1091.5,,,,,,,,
2013/6/28,1089.18,,,,,,,,
2013/7/1,1095.85,,,,,,,,
2013/7/2,1098.57,,,,,,,,
2013/7/3,1099.29,,,,,,,,
2013/7/5,1112.01,,,,,,,,
2013/7/8,1119.12,,,,,,,,
2013/7/9,1131.32,,,,,,,,
2013/7/10,1124.84,,,,,,,,
2013/7/11,1134.85,,,,,,,,
2013/7/12,1139.43,,,,,,,,
2013/7/15,1138.3,,,,,,,,
2013/7/16,1131.84,,,,,,,,
2013/7/17,1136.95,,,,,,,,
2013/7/18,1148.52,,,,,,,,
2013/7/19,1164.05,,,,,,,,
2013/7/22,1161.33,,,,,,,,
2013/7/23,1163.26,,,,,,,,
2013/7/24,1151.06,,,,,,,,
2013/7/25,1157.02,,,,,,,,
2013/7/26,1152.96,,,,,,,,
2013/7/29,1143.76,,,,,,,,
2013/7/30,1141.68,,,,,,,,
2013/7/31,1145.96,,,,,,,,
2013/8/1,1161.45,,,,,,,,
2013/8/2,1155.8,,,,,,,,
2013/8/5,1152.85,,,,,,,,
2013/8/6,1146.17,,,,,,,,
2013/8/7,1141.32,,,,,,,,
2013/8/8,1147.95,,,,,,,,
2013/8/9,1144.12,,,,,,,,
2013/8/12,1138.31,,,,,,,,
2013/8/13,1140.19,,,,,,,,
2013/8/14,1135.63,,,,,,,,
2013/8/15,1129.69,,,,,,,,
2013/8/16,1125.41,,,,,,,,
2013/8/19,1108.02,,,,,,,,
2013/8/20,1113.6,,,,,,,,
2013/8/21,1107.16,,,,,,,,
2013/8/22,1122.46,,,,,,,,
2013/8/23,1130.97,,,,,,,,
2013/8/26,1128.48,,,,,,,,
2013/8/27,1120.96,,,,,,,,
2013/8/28,1140.54,,,,,,,,
2013/8/29,1128.84,,,,,,,,
2013/8/30,1127.6,,,,,,,,
2013/9/3,1134.27,,,,,,,,
2013/9/4,1140.74,,,,,,,,
2013/9/5,1144.81,,,,,,,,
2013/9/6,1145.76,,,,,,,,
2013/9/9,1157.99,,,,,,,,
2013/9/10,1158.61,,,,,,,,
2013/9/11,1167.81,,,,,,,,
2013/9/12,1161.12,,,,,,,,
2013/9/13,1161.52,,,,,,,,
2013/9/16,1161.71,,,,,,,,
2013/9/17,1167.45,,,,,,,,
2013/9/18,1181.03,,,,,,,,
2013/9/19,1178.36,,,,,,,,
2013/9/20,1168.86,,,,,,,,
2013/9/23,1163.54,,,,,,,,
2013/9/24,1164.99,,,,,,,,
2013/9/25,1165.66,,,,,,,,
2013/9/26,1166.66,,,,,,,,
2013/9/27,1163.29,,,,,,,,
2013/9/30,1154.48,,,,,,,,
2013/10/1,1162.49,,,,,,,,
2013/10/2,1165.3,,,,,,,,
2013/10/3,1156.39,,,,,,,,
2013/10/4,1166.63,,,,,,,,
2013/10/7,1157.62,,,,,,,,
2013/10/8,1144.96,,,,,,,,
2013/10/9,1140.34,,,,,,,,
2013/10/10,1161.42,,,,,,,,
2013/10/11,1173.42,,,,,,,,
2013/10/14,1181.01,,,,,,,,
2013/10/15,1176.06,,,,,,,,
2013/10/16,1192.73,,,,,,,,
2013/10/17,1196.09,,,,,,,,
2013/10/18,1208.04,,,,,,,,
2013/10/21,1202.83,,,,,,,,
2013/10/22,1209.63,,,,,,,,
2013/10/23,1192.22,,,,,,,,
2013/10/24,1200.21,,,,,,,,
2013/10/25,1204.83,,,,,,,,
2013/10/28,1206.05,,,,,,,,
2013/10/29,1215.05,,,,,,,,
2013/10/30,1207.23,,,,,,,,
2013/10/31,1204.01,,,,,,,,
2013/11/1,1199.64,,,,,,,,
2013/11/4,1216.52,,,,,,,,
2013/11/5,1207.65,,,,,,,,
2013/11/6,1212.51,,,,,,,,
2013/11/7,1195.12,,,,,,,,
2013/11/8,1213.71,,,,,,,,
2013/11/11,1216.68,,,,,,,,
2013/11/12,1205.33,,,,,,,,
2013/11/13,1214.11,,,,,,,,
2013/11/14,1222.86,,,,,,,,
2013/11/15,1230.79,,,,,,,,
2013/11/18,1220.83,,,,,,,,
2013/11/19,1221.03,,,,,,,,
2013/11/20,1217.37,,,,,,,,
2013/11/21,1228.88,,,,,,,,
2013/11/22,1235.39,,,,,,,,
2013/11/25,1224.09,,,,,,,,
2013/11/26,1221.32,,,,,,,,
2013/11/27,1211.81,,,,,,,,
2013/11/29,1209.64,,,,,,,,
2013/12/2,1210.44,,,,,,,,
2013/12/3,1213.89,,,,,,,,
2013/12/4,1209.55,,,,,,,,
2013/12/5,1204.9,,,,,,,,
2013/12/6,1209.44,,,,,,,,
2013/12/9,1209.49,,,,,,,,
2013/12/10,1206.31,,,,,,,,
2013/12/11,1188.85,,,,,,,,
2013/12/12,1194.92,,,,,,,,
2013/12/13,1190.16,,,,,,,,
2013/12/16,1201.96,,,,,,,,
2013/12/17,1195.22,,,,,,,,
2013/12/18,1213.88,,,,,,,,
2013/12/19,1216.2,,,,,,,,
2013/12/20,1219.37,,,,,,,,
2013/12/23,1220.1,,,,,,,,
2013/12/24,1227.79,,,,,,,,
2013/12/26,1237.33,,,,,,,,
2013/12/27,1243.5,,,,,,,,
2013/12/30,1233.48,,,,,,,,
2013/12/31,1244.96,,,,,,,,
2014/1/2,1227.76,,,,,,,,
2014/1/3,1224.57,,,,,,,,
2014/1/6,1224.03,,,,,,,,
2014/1/7,1234.65,,,,,,,,
2014/1/8,1226.66,,,,,,,,
2014/1/9,1222.14,,,,,,,,
2014/1/10,1224.57,,,,,,,,
2014/1/13,1201.03,,,,,,,,
2014/1/14,1215.37,,,,,,,,
2014/1/15,1211.68,,,,,,,,
2014/1/16,1212.94,,,,,,,,
2014/1/17,1212.1,,,,,,,,
2014/1/21,1218.83,,,,,,,,
2014/1/22,1223.48,,,,,,,,
2014/1/23,1209.46,,,,,,,,
2014/1/24,1183.87,,,,,,,,
2014/1/27,1178.62,,,,,,,,
2014/1/28,1188.4,,,,,,,,
2014/1/29,1181.05,,,,,,,,
2014/1/30,1183.57,,,,,,,,
2014/1/31,1167.38,,,,,,,,
2014/2/3,1145.75,,,,,,,,
2014/2/4,1154.75,,,,,,,,
2014/2/5,1145.01,,,,,,,,
2014/2/6,1162.69,,,,,,,,
2014/2/7,1175.2,,,,,,,,
2014/2/10,1167.89,,,,,,,,
2014/2/11,1185.2,,,,,,,,
2014/2/12,1183.91,,,,,,,,
2014/2/13,1190.52,,,,,,,,
2014/2/14,1207.16,,,,,,,,
2014/2/18,1212.52,,,,,,,,
2014/2/19,1211.67,,,,,,,,
2014/2/20,1220.66,,,,,,,,
2014/2/21,1212.6,,,,,,,,
2014/2/24,1232.23,,,,,,,,
2014/2/25,1231.45,,,,,,,,
2014/2/26,1223.68,,,,,,,,
2014/2/27,1224.64,,,,,,,,
2014/2/28,1231.5,,,,,,,,
2014/3/3,1224.43,,,,,,,,
2014/3/4,1237.65,,,,,,,,
2014/3/5,1224.76,,,,,,,,
2014/3/6,1232.26,,,,,,,,
2014/3/7,1236.6,,,,,,,,
2014/3/10,1238.58,,,,,,,,
2014/3/11,1223.6,,,,,,,,
2014/3/12,1224.18,,,,,,,,
2014/3/13,1212.28,,,,,,,,
2014/3/14,1215.09,,,,,,,,
2014/3/17,1222.8,,,,,,,,
2014/3/18,1233,,,,,,,,
2014/3/19,1222.94,,,,,,,,
2014/3/20,1229.17,,,,,,,,
2014/3/21,1233.35,,,,,,,,
2014/3/24,1230.75,,,,,,,,
2014/3/25,1240.41,,,,,,,,
2014/3/26,1235.13,,,,,,,,
2014/3/27,1246.04,,,,,,,,
2014/3/28,1262.2,,,,,,,,
2014/3/31,1262.27,,,,,,,,
2014/4/1,1269.56,,,,,,,,
2014/4/2,1274.09,,,,,,,,
2014/4/3,1279.87,,,,,,,,
2014/4/4,1274.42,,,,,,,,
2014/4/7,1255.03,,,,,,,,
2014/4/8,1267.55,,,,,,,,
2014/4/9,1274.46,,,,,,,,
2014/4/10,1256.62,,,,,,,,
2014/4/11,1253.34,,,,,,,,
2014/4/14,1269.5,,,,,,,,
2014/4/15,1285.12,,,,,,,,
2014/4/16,1301.45,,,,,,,,
2014/4/17,1312.5,,,,,,,,
2014/4/21,1320.95,,,,,,,,
2014/4/22,1318.72,,,,,,,,
2014/4/23,1324.77,,,,,,,,
2014/4/24,1323.22,,,,,,,,
2014/4/25,1316.66,,,,,,,,
2014/4/28,1319.48,,,,,,,,
2014/4/29,1325.19,,,,,,,,
2014/4/30,1325.26,,,,,,,,
2014/5/1,1320.34,,,,,,,,
2014/5/2,1325.03,,,,,,,,
2014/5/5,1330.93,,,,,,,,
2014/5/6,1332.29,,,,,,,,
2014/5/7,1342.85,,,,,,,,
2014/5/8,1323.74,,,,,,,,
2014/5/9,1323.47,,,,,,,,
2014/5/12,1331.01,,,,,,,,
2014/5/13,1335.31,,,,,,,,
2014/5/14,1335.62,,,,,,,,
2014/5/15,1319.54,,,,,,,,
2014/5/16,1316.22,,,,,,,,
2014/5/19,1320.65,,,,,,,,
2014/5/20,1317.52,,,,,,,,
2014/5/21,1333.21,,,,,,,,
2014/5/22,1331.12,,,,,,,,
2014/5/23,1329.03,,,,,,,,
2014/5/27,1332.21,,,,,,,,
2014/5/28,1334.14,,,,,,,,
2014/5/29,1345.15,,,,,,,,
2014/5/30,1344.09,,,,,,,,
2014/6/2,1341.44,,,,,,,,
2014/6/3,1346.13,,,,,,,,
2014/6/4,1344.75,,,,,,,,
2014/6/5,1352.45,,,,,,,,
2014/6/6,1364.29,,,,,,,,
2014/6/9,1365.96,,,,,,,,
2014/6/10,1363.95,,,,,,,,
2014/6/11,1369.36,,,,,,,,
2014/6/12,1374.65,,,,,,,,
2014/6/13,1388.34,,,,,,,,
2014/6/16,1395.21,,,,,,,,
2014/6/17,1393.36,,,,,,,,
2014/6/18,1404.16,,,,,,,,
2014/6/19,1412.62,,,,,,,,
2014/6/20,1426.01,,,,,,,,
2014/6/23,1431.37,,,,,,,,
2014/6/24,1402.18,,,,,,,,
2014/6/25,1411.84,,,,,,,,
2014/6/26,1412.95,,,,,,,,
2014/6/27,1413.34,,,,,,,,
2014/6/30,1415.14,,,,,,,,
2014/7/1,1416.4,,,,,,,,
2014/7/2,1414.23,,,,,,,,
2014/7/3,1419.35,,,,,,,,
2014/7/7,1410.15,,,,,,,,
2014/7/8,1407.91,,,,,,,,
2014/7/9,1416.91,,,,,,,,
2014/7/10,1402.87,,,,,,,,
2014/7/11,1391.81,,,,,,,,
2014/7/14,1404.55,,,,,,,,
2014/7/15,1397.7,,,,,,,,
2014/7/16,1419.41,,,,,,,,
2014/7/17,1397.72,,,,,,,,
2014/7/18,1403.08,,,,,,,,
2014/7/21,1405.08,,,,,,,,
2014/7/22,1416.26,,,,,,,,
2014/7/23,1424.14,,,,,,,,
2014/7/24,1425.23,,,,,,,,
2014/7/25,1414.66,,,,,,,,
2014/7/28,1412.14,,,,,,,,
2014/7/29,1406.94,,,,,,,,
2014/7/30,1399.28,,,,,,,,
2014/7/31,1365.34,,,,,,,,
2014/8/1,1354.68,,,,,,,,
2014/8/4,1376.8,,,,,,,,
2014/8/5,1347.17,,,,,,,,
2014/8/6,1352.01,,,,,,,,
2014/8/7,1342.7,,,,,,,,
2014/8/8,1365.68,,,,,,,,
2014/8/11,1366.19,,,,,,,,
2014/8/12,1356.83,,,,,,,,
2014/8/13,1361.78,,,,,,,,
2014/8/14,1353.69,,,,,,,,
2014/8/15,1362.98,,,,,,,,
2014/8/18,1367.67,,,,,,,,
2014/8/19,1377.77,,,,,,,,
2014/8/20,1381.06,,,,,,,,
2014/8/21,1381.7,,,,,,,,
2014/8/22,1373.28,,,,,,,,
2014/8/25,1385.6,,,,,,,,
2014/8/26,1392.73,,,,,,,,
2014/8/27,1392.13,,,,,,,,
2014/8/28,1391.95,,,,,,,,
2014/8/29,1400.17,,,,,,,,
2014/9/2,1383.01,,,,,,,,
2014/9/3,1387.47,,,,,,,,
2014/9/4,1368.28,,,,,,,,
2014/9/5,1378.04,,,,,,,,
2014/9/8,1356.71,,,,,,,,
2014/9/9,1349.64,,,,,,,,
2014/9/10,1346.94,,,,,,,,
2014/9/11,1348.85,,,,,,,,
2014/9/12,1328.09,,,,,,,,
2014/9/15,1337,,,,,,,,
2014/9/16,1352.7,,,,,,,,
2014/9/17,1346.51,,,,,,,,
2014/9/18,1339.75,,,,,,,,
2014/9/19,1338.77,,,,,,,,
2014/9/22,1318.55,,,,,,,,
2014/9/23,1314.7,,,,,,,,
2014/9/24,1316.38,,,,,,,,
2014/9/25,1295.75,,,,,,,,
2014/9/26,1312.69,,,,,,,,
2014/9/29,1309.03,,,,,,,,
2014/9/30,1292.06,,,,,,,,
2014/10/1,1266.92,,,,,,,,
2014/10/2,1261.91,,,,,,,,
2014/10/3,1260.63,,,,,,,,
2014/10/6,1261.66,,,,,,,,
2014/10/7,1244.13,,,,,,,,
2014/10/8,1255.47,,,,,,,,
2014/10/9,1207.84,,,,,,,,
2014/10/10,1192.06,,,,,,,,
2014/10/13,1155,,,,,,,,
2014/10/14,1140.81,,,,,,,,
2014/10/15,1148.16,,,,,,,,
2014/10/16,1169.18,,,,,,,,
2014/10/17,1178.49,,,,,,,,
2014/10/20,1188.48,,,,,,,,
2014/10/21,1224.01,,,,,,,,
2014/10/22,1201.56,,,,,,,,
2014/10/23,1223.66,,,,,,,,
2014/10/24,1219.87,,,,,,,,
2014/10/27,1193.72,,,,,,,,
2014/10/28,1222.2,,,,,,,,
2014/10/29,1224.36,,,,,,,,
2014/10/30,1219.97,,,,,,,,
2014/10/31,1244.83,,,,,,,,
2014/11/3,1223.47,,,,,,,,
2014/11/4,1196.78,,,,,,,,
2014/11/5,1216.8,,,,,,,,
2014/11/6,1231.89,,,,,,,,
2014/11/7,1247.55,,,,,,,,
2014/11/10,1236.23,,,,,,,,
2014/11/11,1239.94,,,,,,,,
2014/11/12,1228.85,,,,,,,,
2014/11/13,1211.83,,,,,,,,
2014/11/14,1224.39,,,,,,,,
2014/11/17,1218.16,,,,,,,,
2014/11/18,1218.66,,,,,,,,
2014/11/19,1225.11,,,,,,,,
2014/11/20,1239.95,,,,,,,,
2014/11/21,1255.72,,,,,,,,
2014/11/24,1246.25,,,,,,,,
2014/11/25,1225.94,,,,,,,,
2014/11/26,1210.82,,,,,,,,
2014/11/28,1129.6,,,,,,,,
2014/12/1,1134.63,,,,,,,,
2014/12/2,1148.6,,,,,,,,
2014/12/3,1162.93,,,,,,,,
2014/12/4,1153.09,,,,,,,,
2014/12/5,1138.79,,,,,,,,
2014/12/8,1092.26,,,,,,,,
2014/12/9,1103.19,,,,,,,,
2014/12/10,1067.99,,,,,,,,
2014/12/11,1067.85,,,,,,,,
2014/12/12,1045.77,,,,,,,,
2014/12/15,1036.73,,,,,,,,
2014/12/16,1045.08,,,,,,,,
2014/12/17,1091.17,,,,,,,,
2014/12/18,1114.4,,,,,,,,
2014/12/19,1149.55,,,,,,,,
2014/12/22,1137.45,,,,,,,,
2014/12/23,1151.86,,,,,,,,
2014/12/24,1142.49,,,,,,,,
2014/12/26,1142.12,,,,,,,,
2014/12/29,1145.36,,,,,,,,
2014/12/30,1137.76,,,,,,,,
2014/12/31,1129.51,,,,,,,,
2015/1/2,1134.77,,,,,,,,
2015/1/5,1088.28,,,,,,,,
2015/1/6,1073.54,,,,,,,,
2015/1/7,1076.16,,,,,,,,
2015/1/8,1100.51,,,,,,,,
2015/1/9,1092.18,,,,,,,,
2015/1/12,1060.23,,,,,,,,
2015/1/13,1052.97,,,,,,,,
2015/1/14,1055.73,,,,,,,,
2015/1/15,1041.97,,,,,,,,
2015/1/16,1076.01,,,,,,,,
2015/1/20,1076.34,,,,,,,,
2015/1/21,1096.81,,,,,,,,
2015/1/22,1102.48,,,,,,,,
2015/1/23,1093.03,,,,,,,,
2015/1/26,1109.04,,,,,,,,
2015/1/27,1108.38,,,,,,,,
2015/1/28,1064.81,,,,,,,,
2015/1/29,1066.91,,,,,,,,
2015/1/30,1076.25,,,,,,,,
2015/2/2,1109.15,,,,,,,,
2015/2/3,1140.9,,,,,,,,
2015/2/4,1121.73,,,,,,,,
2015/2/5,1139.65,,,,,,,,
2015/2/6,1139.02,,,,,,,,
2015/2/9,1141.31,,,,,,,,
2015/2/10,1137.93,,,,,,,,
2015/2/11,1130.87,,,,,,,,
2015/2/12,1148.14,,,,,,,,
2015/2/13,1171.33,,,,,,,,
2015/2/17,1174.51,,,,,,,,
2015/2/18,1158.79,,,,,,,,
2015/2/19,1150.53,,,,,,,,
2015/2/20,1146.35,,,,,,,,
2015/2/23,1141.08,,,,,,,,
2015/2/24,1143.07,,,,,,,,
2015/2/25,1149.78,,,,,,,,
2015/2/26,1129.95,,,,,,,,
2015/2/27,1126.32,,,,,,,,
2015/3/2,1118.51,,,,,,,,
2015/3/3,1122.03,,,,,,,,
2015/3/4,1119.83,,,,,,,,
2015/3/5,1113.56,,,,,,,,
2015/3/6,1095.3,,,,,,,,
2015/3/9,1087.83,,,,,,,,
2015/3/10,1071.67,,,,,,,,
2015/3/11,1075.3,,,,,,,,
2015/3/12,1070.29,,,,,,,,
2015/3/13,1064.82,,,,,,,,
2015/3/16,1077.85,,,,,,,,
2015/3/17,1072.47,,,,,,,,
2015/3/18,1104.31,,,,,,,,
2015/3/19,1085.4,,,,,,,,
2015/3/20,1099.96,,,,,,,,
2015/3/23,1097.2,,,,,,,,
2015/3/24,1089.15,,,,,,,,
2015/3/25,1102.25,,,,,,,,
2015/3/26,1101.61,,,,,,,,
2015/3/27,1093.24,,,,,,,,
2015/3/30,1115.64,,,,,,,,
2015/3/31,1105.9,,,,,,,,
2015/4/1,1109.27,,,,,,,,
2015/4/2,1112.02,,,,,,,,
2015/4/6,1133.13,,,,,,,,
2015/4/7,1135.78,,,,,,,,
2015/4/8,1124.02,,,,,,,,
2015/4/9,1141.81,,,,,,,,
2015/4/10,1146.95,,,,,,,,
2015/4/13,1137.24,,,,,,,,
2015/4/14,1157.93,,,,,,,,
2015/4/15,1185.35,,,,,,,,
2015/4/16,1181.51,,,,,,,,
2015/4/17,1170.82,,,,,,,,
2015/4/20,1176.27,,,,,,,,
2015/4/21,1162.95,,,,,,,,
2015/4/22,1170.74,,,,,,,,
2015/4/23,1179.01,,,,,,,,
2015/4/24,1170.83,,,,,,,,
2015/4/27,1169.92,,,,,,,,
2015/4/28,1176.79,,,,,,,,
2015/4/29,1186.56,,,,,,,,
2015/4/30,1183.36,,,,,,,,
2015/5/1,1186.14,,,,,,,,
2015/5/4,1183.19,,,,,,,,
2015/5/5,1169.35,,,,,,,,
2015/5/6,1165.61,,,,,,,,
2015/5/7,1152.15,,,,,,,,
2015/5/8,1171.01,,,,,,,,
2015/5/11,1150.43,,,,,,,,
2015/5/12,1156.23,,,,,,,,
2015/5/13,1152.55,,,,,,,,
2015/5/14,1152.13,,,,,,,,
2015/5/15,1156.38,,,,,,,,
2015/5/18,1156.21,,,,,,,,
2015/5/19,1140.51,,,,,,,,
2015/5/20,1143.2,,,,,,,,
2015/5/21,1154.29,,,,,,,,
2015/5/22,1148.87,,,,,,,,
2015/5/26,1130.19,,,,,,,,
2015/5/27,1129,,,,,,,,
2015/5/28,1124.94,,,,,,,,
2015/5/29,1124.63,,,,,,,,
2015/6/1,1122.29,,,,,,,,
2015/6/2,1129.16,,,,,,,,
2015/6/3,1121.44,,,,,,,,
2015/6/4,1106.63,,,,,,,,
2015/6/5,1115.43,,,,,,,,
2015/6/8,1109.95,,,,,,,,
2015/6/9,1109.5,,,,,,,,
2015/6/10,1123.99,,,,,,,,
2015/6/11,1119.85,,,,,,,,
2015/6/12,1106.9,,,,,,,,
2015/6/15,1103.55,,,,,,,,
2015/6/16,1112.32,,,,,,,,
2015/6/17,1110.18,,,,,,,,
2015/6/18,1110.03,,,,,,,,
2015/6/19,1099.68,,,,,,,,
2015/6/22,1110.37,,,,,,,,
2015/6/23,1115.01,,,,,,,,
2015/6/24,1107.52,,,,,,,,
2015/6/25,1095.61,,,,,,,,
2015/6/26,1097.37,,,,,,,,
2015/6/29,1077.63,,,,,,,,
2015/6/30,1084.53,,,,,,,,
2015/7/1,1068.72,,,,,,,,
2015/7/2,1073.03,,,,,,,,
2015/7/6,1057.83,,,,,,,,
2015/7/7,1068.65,,,,,,,,
2015/7/8,1046.27,,,,,,,,
2015/7/9,1051.09,,,,,,,,
2015/7/10,1055.39,,,,,,,,
2015/7/13,1062.46,,,,,,,,
2015/7/14,1072.61,,,,,,,,
2015/7/15,1053.32,,,,,,,,
2015/7/16,1053.11,,,,,,,,
2015/7/17,1040.71,,,,,,,,
2015/7/20,1026.65,,,,,,,,
2015/7/21,1027.85,,,,,,,,
2015/7/22,1020.4,,,,,,,,
2015/7/23,1018.24,,,,,,,,
2015/7/24,997.03,,,,,,,,
2015/7/27,982.44,,,,,,,,
2015/7/28,1011.89,,,,,,,,
2015/7/29,1027.82,,,,,,,,
2015/7/30,1021.62,,,,,,,,
2015/7/31,995.55,,,,,,,,
2015/8/3,974.93,,,,,,,,
2015/8/4,971,,,,,,,,
2015/8/5,964.16,,,,,,,,
2015/8/6,981.48,,,,,,,,
2015/8/7,962.84,,,,,,,,
2015/8/10,995,,,,,,,,
2015/8/11,994.35,,,,,,,,
2015/8/12,1012.58,,,,,,,,
2015/8/13,997.73,,,,,,,,
2015/8/14,994.96,,,,,,,,
2015/8/17,995.98,,,,,,,,
2015/8/18,992.3,,,,,,,,
2015/8/19,963.87,,,,,,,,
2015/8/20,941.46,,,,,,,,
2015/8/21,908.73,,,,,,,,
2015/8/24,861.86,,,,,,,,
2015/8/25,850.16,,,,,,,,
2015/8/26,879,,,,,,,,
2015/8/27,924.07,,,,,,,,
2015/8/28,943.99,,,,,,,,
2015/8/31,955.35,,,,,,,,
2015/9/1,919.66,,,,,,,,
2015/9/2,928.18,,,,,,,,
2015/9/3,931.47,,,,,,,,
2015/9/4,915.24,,,,,,,,
2015/9/8,929.41,,,,,,,,
2015/9/9,910.08,,,,,,,,
2015/9/10,914.82,,,,,,,,
2015/9/11,907.17,,,,,,,,
2015/9/14,899.4,,,,,,,,
2015/9/15,910.08,,,,,,,,
2015/9/16,936.37,,,,,,,,
2015/9/17,935.98,,,,,,,,
2015/9/18,910.55,,,,,,,,
2015/9/21,914.34,,,,,,,,
2015/9/22,905.3,,,,,,,,
2015/9/23,891.59,,,,,,,,
2015/9/24,895.59,,,,,,,,
2015/9/25,897.28,,,,,,,,
2015/9/28,864.37,,,,,,,,
2015/9/29,865.1,,,,,,,,
2015/9/30,885.68,,,,,,,,
2015/10/1,886.88,,,,,,,,
2015/10/2,923.61,,,,,,,,
2015/10/5,951.23,,,,,,,,
2015/10/6,973.99,,,,,,,,
2015/10/7,986.8,,,,,,,,
2015/10/8,1006.32,,,,,,,,
2015/10/9,999.42,,,,,,,,
2015/10/12,986.47,,,,,,,,
2015/10/13,977.16,,,,,,,,
2015/10/14,986.52,,,,,,,,
2015/10/15,1003.05,,,,,,,,
2015/10/16,1003.54,,,,,,,,
2015/10/19,983.27,,,,,,,,
2015/10/20,985.69,,,,,,,,
2015/10/21,973.88,,,,,,,,
2015/10/22,992.61,,,,,,,,
2015/10/23,990.87,,,,,,,,
2015/10/26,966.2,,,,,,,,
2015/10/27,954.38,,,,,,,,
2015/10/28,976.93,,,,,,,,
2015/10/29,980.89,,,,,,,,
2015/10/30,988.01,,,,,,,,
2015/11/2,1010.9,,,,,,,,
2015/11/3,1036.63,,,,,,,,
2015/11/4,1026.49,,,,,,,,
2015/11/5,1015.27,,,,,,,,
2015/11/6,1011.14,,,,,,,,
2015/11/9,999.47,,,,,,,,
2015/11/10,1002.47,,,,,,,,
2015/11/11,982.05,,,,,,,,
2015/11/12,958.41,,,,,,,,
2015/11/13,953.51,,,,,,,,
2015/11/16,986.53,,,,,,,,
2015/11/17,974.47,,,,,,,,
2015/11/18,990.94,,,,,,,,
2015/11/19,977.7,,,,,,,,
2015/11/20,967.34,,,,,,,,
2015/11/23,973.8,,,,,,,,
2015/11/24,996.2,,,,,,,,
2015/11/25,988.43,,,,,,,,
2015/11/27,980.37,,,,,,,,
2015/11/30,984.37,,,,,,,,
2015/12/1,991.6,,,,,,,,
2015/12/2,960.49,,,,,,,,
2015/12/3,942.27,,,,,,,,
2015/12/4,935.96,,,,,,,,
2015/12/7,900.22,,,,,,,,
2015/12/8,888.44,,,,,,,,
2015/12/9,899.95,,,,,,,,
2015/12/10,906.24,,,,,,,,
2015/12/11,874.77,,,,,,,,
2015/12/14,880.45,,,,,,,,
2015/12/15,905.37,,,,,,,,
2015/12/16,900.47,,,,,,,,
2015/12/17,876.9,,,,,,,,
2015/12/18,861.4,,,,,,,,
2015/12/21,860.69,,,,,,,,
2015/12/22,871.41,,,,,,,,
2015/12/23,910.11,,,,,,,,
2015/12/24,901.8,,,,,,,,
2015/12/28,884.13,,,,,,,,
2015/12/29,890.17,,,,,,,,
2015/12/30,876.75,,,,,,,,
2015/12/31,880.66,,,,,,,,
2016/1/4,879.72,,,,,,,,
2016/1/5,883.4,,,,,,,,
2016/1/6,849.91,,,,,,,,
2016/1/7,829.18,,,,,,,,
2016/1/8,818.8,,,,,,,,
2016/1/11,801.29,,,,,,,,
2016/1/12,803.12,,,,,,,,
2016/1/13,787.06,,,,,,,,
2016/1/14,821.56,,,,,,,,
2016/1/15,797.43,,,,,,,,
2016/1/19,778.55,,,,,,,,
2016/1/20,756.38,,,,,,,,
2016/1/21,779.55,,,,,,,,
2016/1/22,813.5,,,,,,,,
2016/1/25,775.47,,,,,,,,
2016/1/26,805.77,,,,,,,,
2016/1/27,801.22,,,,,,,,
2016/1/28,826.6,,,,,,,,
2016/1/29,849.5,,,,,,,,
2016/2/1,832.46,,,,,,,,
2016/2/2,804.4,,,,,,,,
2016/2/3,835.55,,,,,,,,
2016/2/4,836.53,,,,,,,,
2016/2/5,818.65,,,,,,,,
2016/2/8,817.39,,,,,,,,
2016/2/9,798.85,,,,,,,,
2016/2/10,794.5,,,,,,,,
2016/2/11,790.63,,,,,,,,
2016/2/12,811.49,,,,,,,,
2016/2/16,819.24,,,,,,,,
2016/2/17,844.27,,,,,,,,
2016/2/18,836.35,,,,,,,,
2016/2/19,832.82,,,,,,,,
2016/2/22,852.31,,,,,,,,
2016/2/23,824.13,,,,,,,,
2016/2/24,832.97,,,,,,,,
2016/2/25,834.72,,,,,,,,
2016/2/26,839.22,,,,,,,,
2016/2/29,830.79,,,,,,,,
2016/3/1,848.04,,,,,,,,
2016/3/2,869.83,,,,,,,,
2016/3/3,883.4,,,,,,,,
2016/3/4,892.22,,,,,,,,
2016/3/7,913.38,,,,,,,,
2016/3/8,874.14,,,,,,,,
2016/3/9,888.9,,,,,,,,
2016/3/10,888.9,,,,,,,,
2016/3/11,910.4,,,,,,,,
2016/3/14,904.49,,,,,,,,
2016/3/15,902.55,,,,,,,,
2016/3/16,918.35,,,,,,,,
2016/3/17,932.09,,,,,,,,
2016/3/18,932.55,,,,,,,,
2016/3/21,928.55,,,,,,,,
2016/3/22,925.82,,,,,,,,
2016/3/23,904.54,,,,,,,,
2016/3/24,909.41,,,,,,,,
2016/3/28,905.93,,,,,,,,
2016/3/29,909.62,,,,,,,,
2016/3/30,912.2,,,,,,,,
2016/3/31,911.96,,,,,,,,
2016/4/1,898.59,,,,,,,,
2016/4/4,893.22,,,,,,,,
2016/4/5,886.23,,,,,,,,
2016/4/6,905.09,,,,,,,,
2016/4/7,899.25,,,,,,,,
2016/4/8,918.32,,,,,,,,
2016/4/11,914.98,,,,,,,,
2016/4/12,942.79,,,,,,,,
2016/4/13,946.33,,,,,,,,
2016/4/14,949.59,,,,,,,,
2016/4/15,937.52,,,,,,,,
2016/4/18,952.43,,,,,,,,
2016/4/19,971.44,,,,,,,,
2016/4/20,979.61,,,,,,,,
2016/4/21,974.88,,,,,,,,
2016/4/22,989.1,,,,,,,,
2016/4/25,977.35,,,,,,,,
2016/4/26,991.29,,,,,,,,
2016/4/27,1009.35,,,,,,,,
2016/4/28,995.07,,,,,,,,
2016/4/29,994.76,,,,,,,,
2016/5/2,994.15,,,,,,,,
2016/5/3,970.12,,,,,,,,
2016/5/4,956.25,,,,,,,,
2016/5/5,962.27,,,,,,,,
2016/5/6,960.44,,,,,,,,
2016/5/9,946.71,,,,,,,,
2016/5/10,964.17,,,,,,,,
2016/5/11,966.08,,,,,,,,
2016/5/12,969.51,,,,,,,,
2016/5/13,957.04,,,,,,,,
2016/5/16,973.41,,,,,,,,
2016/5/17,977.75,,,,,,,,
2016/5/18,967.23,,,,,,,,
2016/5/19,968.56,,,,,,,,
2016/5/20,973.7,,,,,,,,
2016/5/23,971.18,,,,,,,,
2016/5/24,975.89,,,,,,,,
2016/5/25,992.19,,,,,,,,
2016/5/26,987.44,,,,,,,,
2016/5/27,988.55,,,,,,,,
2016/5/31,983.5,,,,,,,,
2016/6/1,985.49,,,,,,,,
2016/6/2,982.89,,,,,,,,
2016/6/3,979.89,,,,,,,,
2016/6/6,1001.51,,,,,,,,
2016/6/7,1023.14,,,,,,,,
2016/6/8,1021.63,,,,,,,,
2016/6/9,1016.17,,,,,,,,
2016/6/10,993.82,,,,,,,,
2016/6/13,989.82,,,,,,,,
2016/6/14,989.24,,,,,,,,
2016/6/15,986.4,,,,,,,,
2016/6/16,982.92,,,,,,,,
2016/6/17,992.68,,,,,,,,
2016/6/20,1001.15,,,,,,,,
2016/6/21,1011.89,,,,,,,,
2016/6/22,1005.63,,,,,,,,
2016/6/23,1023.06,,,,,,,,
2016/6/24,985.43,,,,,,,,
2016/6/27,957.88,,,,,,,,
2016/6/28,984.23,,,,,,,,
2016/6/29,1004.7,,,,,,,,
2016/6/30,1012.95,,,,,,,,
2016/7/1,1019.1,,,,,,,,
2016/7/5,997.91,,,,,,,,
2016/7/6,1003.2,,,,,,,,
2016/7/7,992.18,,,,,,,,
2016/7/8,1005.46,,,,,,,,
2016/7/11,1006.65,,,,,,,,
2016/7/12,1031.49,,,,,,,,
2016/7/13,1023.04,,,,,,,,
2016/7/14,1027.47,,,,,,,,
2016/7/15,1026.85,,,,,,,,
2016/7/18,1026.98,,,,,,,,
2016/7/19,1020.8,,,,,,,,
2016/7/20,1019.59,,,,,,,,
2016/7/21,1009.95,,,,,,,,
2016/7/22,1012.88,,,,,,,,
2016/7/25,992.18,,,,,,,,
2016/7/26,997.04,,,,,,,,
2016/7/27,985.85,,,,,,,,
2016/7/28,984.46,,,,,,,,
2016/7/29,992.46,,,,,,,,
2016/8/1,958.69,,,,,,,,
2016/8/2,967.09,,,,,,,,
2016/8/3,985.33,,,,,,,,
2016/8/4,984.24,,,,,,,,
2016/8/5,993.28,,,,,,,,
2016/8/8,1006.53,,,,,,,,
2016/8/9,1001,,,,,,,,
2016/8/10,988.89,,,,,,,,
2016/8/11,1002.45,,,,,,,,
2016/8/12,1008.38,,,,,,,,
2016/8/15,1015.92,,,,,,,,
2016/8/16,1017.81,,,,,,,,
2016/8/17,1021.03,,,,,,,,
2016/8/18,1040.17,,,,,,,,
2016/8/19,1031.64,,,,,,,,
2016/8/22,1021.51,,,,,,,,
2016/8/23,1026.49,,,,,,,,
2016/8/24,1022.53,,,,,,,,
2016/8/25,1019.76,,,,,,,,
2016/8/26,1016.66,,,,,,,,
2016/8/29,1023.62,,,,,,,,
2016/8/30,1019.23,,,,,,,,
2016/8/31,1005.34,,,,,,,,
2016/9/1,1002.36,,,,,,,,
2016/9/2,1012.22,,,,,,,,
2016/9/6,1027.89,,,,,,,,
2016/9/7,1031.73,,,,,,,,
2016/9/8,1049.59,,,,,,,,
2016/9/9,1018.91,,,,,,,,
2016/9/12,1028.05,,,,,,,,
2016/9/13,997.9,,,,,,,,
2016/9/14,985.87,,,,,,,,
2016/9/15,996.84,,,,,,,,
2016/9/16,988.6,,,,,,,,
2016/9/19,987.81,,,,,,,,
2016/9/20,979.26,,,,,,,,
2016/9/21,1000.96,,,,,,,,
2016/9/22,1004.08,,,,,,,,
2016/9/23,990.1,,,,,,,,
2016/9/26,986.01,,,,,,,,
2016/9/27,980.27,,,,,,,,
2016/9/28,1023.99,,,,,,,,
2016/9/29,1024.5,,,,,,,,
2016/9/30,1037.82,,,,,,,,
2016/10/3,1035.93,,,,,,,,
2016/10/4,1025.69,,,,,,,,
2016/10/5,1041.17,,,,,,,,
2016/10/6,1042.93,,,,,,,,
2016/10/7,1037.63,,,,,,,,
2016/10/10,1054.16,,,,,,,,
2016/10/11,1041.99,,,,,,,,
2016/10/12,1037.31,,,,,,,,
2016/10/13,1031.44,,,,,,,,
2016/10/14,1026.37,,,,,,,,
2016/10/17,1021.52,,,,,,,,
2016/10/18,1025.34,,,,,,,,
2016/10/19,1039.75,,,,,,,,
2016/10/20,1038.57,,,,,,,,
2016/10/21,1031.94,,,,,,,,
2016/10/24,1028.91,,,,,,,,
2016/10/25,1021.93,,,,,,,,
2016/10/26,1024.05,,,,,,,,
2016/10/27,1020.79,,,,,,,,
2016/10/28,1014.84,,,,,,,,
2016/10/31,1002.2,,,,,,,,
2016/11/1,1002.88,,,,,,,,
2016/11/2,991.51,,,,,,,,
2016/11/3,995.51,,,,,,,,
2016/11/4,990.46,,,,,,,,
2016/11/7,1011.99,,,,,,,,
2016/11/8,1014.03,,,,,,,,
2016/11/9,1032.14,,,,,,,,
2016/11/10,1034.79,,,,,,,,
2016/11/11,1017.84,,,,,,,,
2016/11/14,1022.64,,,,,,,,
2016/11/15,1051.01,,,,,,,,
2016/11/16,1043.66,,,,,,,,
2016/11/17,1037.16,,,,,,,,
2016/11/18,1041.92,,,,,,,,
2016/11/21,1066.14,,,,,,,,
2016/11/22,1065.64,,,,,,,,
2016/11/23,1070.65,,,,,,,,
2016/11/25,1065.88,,,,,,,,
2016/11/28,1050.55,,,,,,,,
2016/11/29,1037.4,,,,,,,,
2016/11/30,1093.09,,,,,,,,
2016/12/1,1096.35,,,,,,,,
2016/12/2,1097.53,,,,,,,,
2016/12/5,1106.9,,,,,,,,
2016/12/6,1106.3,,,,,,,,
2016/12/7,1113.46,,,,,,,,
2016/12/8,1119.74,,,,,,,,
2016/12/9,1123.87,,,,,,,,
2016/12/12,1130.45,,,,,,,,
2016/12/13,1144.24,,,,,,,,
2016/12/14,1118.28,,,,,,,,
2016/12/15,1122.93,,,,,,,,
2016/12/16,1129.1,,,,,,,,
2016/12/19,1124.25,,,,,,,,
2016/12/20,1121.87,,,,,,,,
2016/12/21,1123.47,,,,,,,,
2016/12/22,1128.47,,,,,,,,
2016/12/23,1126.52,,,,,,,,
2016/12/27,1129.73,,,,,,,,
2016/12/28,1118.28,,,,,,,,
2016/12/29,1115.25,,,,,,,,
2016/12/30,1111.94,,,,,,,,
2017/1/3,1125.78,,,,,,,,
2017/1/4,1124.52,,,,,,,,
2017/1/5,1121.53,,,,,,,,
2017/1/6,1121.58,,,,,,,,
2017/1/9,1104.26,,,,,,,,
2017/1/10,1094.13,,,,,,,,
2017/1/11,1107.29,,,,,,,,
2017/1/12,1101.76,,,,,,,,
2017/1/13,1098.87,,,,,,,,
2017/1/17,1105.95,,,,,,,,
2017/1/18,1102.19,,,,,,,,
2017/1/19,1094.68,,,,,,,,
2017/1/20,1100.68,,,,,,,,
2017/1/23,1087.66,,,,,,,,
2017/1/24,1099.32,,,,,,,,
2017/1/25,1106.44,,,,,,,,
2017/1/26,1106.54,,,,,,,,
2017/1/27,1095.57,,,,,,,,
2017/1/30,1075.5,,,,,,,,
2017/1/31,1075.08,,,,,,,,
2017/2/1,1067.72,,,,,,,,
2017/2/2,1074.29,,,,,,,,
2017/2/3,1084.28,,,,,,,,
2017/2/6,1073.91,,,,,,,,
2017/2/7,1058.15,,,,,,,,
2017/2/8,1059.62,,,,,,,,
2017/2/9,1070.23,,,,,,,,
2017/2/10,1079.08,,,,,,,,
2017/2/13,1080.21,,,,,,,,
2017/2/14,1084.23,,,,,,,,
2017/2/15,1079.9,,,,,,,,
2017/2/16,1064.87,,,,,,,,
2017/2/17,1058.97,,,,,,,,
2017/2/21,1066.63,,,,,,,,
2017/2/22,1048.86,,,,,,,,
2017/2/23,1053.72,,,,,,,,
2017/2/24,1043.65,,,,,,,,
2017/2/27,1053.32,,,,,,,,
2017/2/28,1049.83,,,,,,,,
2017/3/1,1071.73,,,,,,,,
2017/3/2,1061.22,,,,,,,,
2017/3/3,1057.93,,,,,,,,
2017/3/6,1060.94,,,,,,,,
2017/3/7,1051.65,,,,,,,,
2017/3/8,1024.01,,,,,,,,
2017/3/9,1029.16,,,,,,,,
2017/3/10,1028.69,,,,,,,,
2017/3/13,1029.53,,,,,,,,
2017/3/14,1017.09,,,,,,,,
2017/3/15,1039.57,,,,,,,,
2017/3/16,1033.53,,,,,,,,
2017/3/17,1032.44,,,,,,,,
2017/3/20,1030.87,,,,,,,,
2017/3/21,1022.29,,,,,,,,
2017/3/22,1020.47,,,,,,,,
2017/3/23,1017.1,,,,,,,,
2017/3/24,1012.9,,,,,,,,
2017/3/27,1009.57,,,,,,,,
2017/3/28,1023.34,,,,,,,,
2017/3/29,1037.02,,,,,,,,
2017/3/30,1040.85,,,,,,,,
2017/3/31,1038.68,,,,,,,,
2017/4/3,1036.25,,,,,,,,
2017/4/4,1044.21,,,,,,,,
2017/4/5,1039.12,,,,,,,,
2017/4/6,1047.88,,,,,,,,
2017/4/7,1043.54,,,,,,,,
2017/4/10,1052.48,,,,,,,,
2017/4/11,1051.59,,,,,,,,
2017/4/12,1046.63,,,,,,,,
2017/4/13,1026.78,,,,,,,,
2017/4/17,1028.76,,,,,,,,
2017/4/18,1019.86,,,,,,,,
2017/4/19,1004.04,,,,,,,,
2017/4/20,1007.82,,,,,,,,
2017/4/21,1003.79,,,,,,,,
2017/4/24,1009.33,,,,,,,,
2017/4/25,1019.48,,,,,,,,
2017/4/26,1015.68,,,,,,,,
2017/4/27,1003.8,,,,,,,,
2017/4/28,1004.51,,,,,,,,
2017/5/1,1001.92,,,,,,,,
2017/5/2,996.7,,,,,,,,
2017/5/3,999.86,,,,,,,,
2017/5/4,978.71,,,,,,,,
2017/5/5,997.13,,,,,,,,
2017/5/8,1003.8,,,,,,,,
2017/5/9,994.93,,,,,,,,
2017/5/10,1008.89,,,,,,,,
2017/5/11,1006.87,,,,,,,,
2017/5/12,1003.63,,,,,,,,
2017/5/15,1010.94,,,,,,,,
2017/5/16,1006.64,,,,,,,,
2017/5/17,996.09,,,,,,,,
2017/5/18,995.25,,,,,,,,
2017/5/19,1008.91,,,,,,,,
2017/5/22,1006.75,,,,,,,,
2017/5/23,1007.78,,,,,,,,
2017/5/24,1003.3,,,,,,,,
2017/5/25,984.21,,,,,,,,
2017/5/26,984.64,,,,,,,,
2017/5/30,971,,,,,,,,
2017/5/31,966.97,,,,,,,,
2017/6/1,973.71,,,,,,,,
2017/6/2,961.72,,,,,,,,
2017/6/5,963.23,,,,,,,,
2017/6/6,975.23,,,,,,,,
2017/6/7,958.51,,,,,,,,
2017/6/8,955.59,,,,,,,,
2017/6/9,979.95,,,,,,,,
2017/6/12,986.23,,,,,,,,
2017/6/13,994.05,,,,,,,,
2017/6/14,973.6,,,,,,,,
2017/6/15,965.42,,,,,,,,
2017/6/16,981.42,,,,,,,,
2017/6/19,975.68,,,,,,,,
2017/6/20,963,,,,,,,,
2017/6/21,946.84,,,,,,,,
2017/6/22,946.37,,,,,,,,
2017/6/23,954.78,,,,,,,,
2017/6/26,953.14,,,,,,,,
2017/6/27,951.71,,,,,,,,
2017/6/28,957.12,,,,,,,,
2017/6/29,958.9,,,,,,,,
2017/6/30,962.54,,,,,,,,
2017/7/3,981.98,,,,,,,,
2017/7/5,960.8,,,,,,,,
2017/7/6,949.32,,,,,,,,
2017/7/7,948.16,,,,,,,,
2017/7/10,951.86,,,,,,,,
2017/7/11,957.03,,,,,,,,
2017/7/12,959.98,,,,,,,,
2017/7/13,964.65,,,,,,,,
2017/7/14,970.49,,,,,,,,
2017/7/17,969.27,,,,,,,,
2017/7/18,964.31,,,,,,,,
2017/7/19,979.58,,,,,,,,
2017/7/20,974.88,,,,,,,,
2017/7/21,965.78,,,,,,,,
2017/7/24,963.15,,,,,,,,
2017/7/25,975.95,,,,,,,,
2017/7/26,976.89,,,,,,,,
2017/7/27,986.39,,,,,,,,
2017/7/28,984.46,,,,,,,,
2017/7/31,985.8,,,,,,,,
2017/8/1,985.91,,,,,,,,
2017/8/2,982.32,,,,,,,,
2017/8/3,968.69,,,,,,,,
2017/8/4,973.17,,,,,,,,
2017/8/7,963.98,,,,,,,,
2017/8/8,961.93,,,,,,,,
2017/8/9,962.62,,,,,,,,
2017/8/10,951.69,,,,,,,,
2017/8/11,946.19,,,,,,,,
2017/8/14,943.39,,,,,,,,
2017/8/15,939.07,,,,,,,,
2017/8/16,930,,,,,,,,
2017/8/17,916.75,,,,,,,,
2017/8/18,922.76,,,,,,,,
2017/8/21,917.01,,,,,,,,
2017/8/22,923.82,,,,,,,,
2017/8/23,927.84,,,,,,,,
2017/8/24,927.86,,,,,,,,
2017/8/25,932.53,,,,,,,,
2017/8/28,928.23,,,,,,,,
2017/8/29,927.52,,,,,,,,
2017/8/30,927.7,,,,,,,,
2017/8/31,933.19,,,,,,,,
2017/9/1,942.09,,,,,,,,
2017/9/5,947.22,,,,,,,,
2017/9/6,962.43,,,,,,,,
2017/9/7,963.5,,,,,,,,
2017/9/8,952.89,,,,,,,,
2017/9/11,962.52,,,,,,,,
2017/9/12,968.83,,,,,,,,
2017/9/13,981.85,,,,,,,,
2017/9/14,986.11,,,,,,,,
2017/9/15,988.52,,,,,,,,
2017/9/18,993.16,,,,,,,,
2017/9/19,996.39,,,,,,,,
2017/9/20,1004.36,,,,,,,,
2017/9/21,1002.92,,,,,,,,
2017/9/22,1008.27,,,,,,,,
2017/9/25,1023.89,,,,,,,,
2017/9/26,1021.92,,,,,,,,
2017/9/27,1026.7,,,,,,,,
2017/9/28,1028.14,,,,,,,,
2017/9/29,1027.82,,,,,,,,
2017/10/2,1027.8,,,,,,,,
2017/10/3,1027.2,,,,,,,,
2017/10/4,1026.07,,,,,,,,
2017/10/5,1030.65,,,,,,,,
2017/10/6,1021.1,,,,,,,,
2017/10/9,1023.76,,,,,,,,
2017/10/10,1024.86,,,,,,,,
2017/10/11,1027.56,,,,,,,,
2017/10/12,1023.37,,,,,,,,
2017/10/13,1022.94,,,,,,,,
2017/10/16,1024.85,,,,,,,,
2017/10/17,1025.55,,,,,,,,
2017/10/18,1017.78,,,,,,,,
2017/10/19,1014.15,,,,,,,,
2017/10/20,1016.31,,,,,,,,
2017/10/23,1008.94,,,,,,,,
2017/10/24,1011.35,,,,,,,,
2017/10/25,1004.09,,,,,,,,
2017/10/26,1006.5,,,,,,,,
2017/10/27,1011.16,,,,,,,,
2017/10/30,1015.8,,,,,,,,
2017/10/31,1020.18,,,,,,,,
2017/11/1,1032.56,,,,,,,,
2017/11/2,1029.38,,,,,,,,
2017/11/3,1033.6,,,,,,,,
2017/11/6,1057.7,,,,,,,,
2017/11/7,1055.52,,,,,,,,
2017/11/8,1050.95,,,,,,,,
2017/11/9,1054.73,,,,,,,,
2017/11/10,1049.35,,,,,,,,
2017/11/13,1042.3,,,,,,,,
2017/11/14,1024.99,,,,,,,,
2017/11/15,1013.44,,,,,,,,
2017/11/16,1009.73,,,,,,,,
2017/11/17,1014.93,,,,,,,,
2017/11/20,1012.71,,,,,,,,
2017/11/21,1014.87,,,,,,,,
2017/11/22,1020.06,,,,,,,,
2017/11/24,1022.88,,,,,,,,
2017/11/27,1011.39,,,,,,,,
2017/11/28,1019.21,,,,,,,,
2017/11/29,1024.24,,,,,,,,
2017/11/30,1040.93,,,,,,,,
2017/12/1,1050.51,,,,,,,,
2017/12/4,1049.23,,,,,,,,
2017/12/5,1043.87,,,,,,,,
2017/12/6,1029.18,,,,,,,,
2017/12/7,1033.78,,,,,,,,
2017/12/8,1043.18,,,,,,,,
2017/12/11,1051.13,,,,,,,,
2017/12/12,1047.34,,,,,,,,
2017/12/13,1045.39,,,,,,,,
2017/12/14,1041.61,,,,,,,,
2017/12/15,1040.51,,,,,,,,
2017/12/18,1048.77,,,,,,,,
2017/12/19,1049.57,,,,,,,,
2017/12/20,1064.81,,,,,,,,
2017/12/21,1087.98,,,,,,,,
2017/12/22,1090.97,,,,,,,,
2017/12/26,1101.13,,,,,,,,
2017/12/27,1097.35,,,,,,,,
2017/12/28,1098.89,,,,,,,,
2017/12/29,1094.62,,,,,,,,
2018/1/2,1114.18,,,,,,,,
2018/1/3,1130.91,,,,,,,,
2018/1/4,1137.57,,,,,,,,
2018/1/5,1136.73,,,,,,,,
2018/1/8,1143.86,,,,,,,,
2018/1/9,1139.91,,,,,,,,
2018/1/10,1138.42,,,,,,,,
2018/1/11,1161.88,,,,,,,,
2018/1/12,1172.33,,,,,,,,
2018/1/16,1157.52,,,,,,,,
2018/1/17,1166.87,,,,,,,,
2018/1/18,1156.94,,,,,,,,
2018/1/19,1156.17,,,,,,,,
2018/1/22,1180.12,,,,,,,,
2018/1/23,1178.99,,,,,,,,
2018/1/24,1175.66,,,,,,,,
2018/1/25,1166.04,,,,,,,,
2018/1/26,1173.42,,,,,,,,
2018/1/29,1154.63,,,,,,,,
2018/1/30,1130.23,,,,,,,,
2018/1/31,1130.72,,,,,,,,
2018/2/1,1143.32,,,,,,,,
2018/2/2,1096.14,,,,,,,,
2018/2/5,1049.78,,,,,,,,
2018/2/6,1058.3,,,,,,,,
2018/2/7,1039.57,,,,,,,,
2018/2/8,1006.76,,,,,,,,
2018/2/9,1006.52,,,,,,,,
2018/2/12,1024.29,,,,,,,,
2018/2/13,1019.49,,,,,,,,
2018/2/14,1035.52,,,,,,,,
2018/2/15,1033.79,,,,,,,,
2018/2/16,1031.29,,,,,,,,
2018/2/20,1025.89,,,,,,,,
2018/2/21,1008.48,,,,,,,,
2018/2/22,1020.21,,,,,,,,
2018/2/23,1042.72,,,,,,,,
2018/2/26,1049.37,,,,,,,,
2018/2/27,1034.7,,,,,,,,
2018/2/28,1010.66,,,,,,,,
2018/3/1,1010.29,,,,,,,,
2018/3/2,1015.82,,,,,,,,
2018/3/5,1027.79,,,,,,,,
2018/3/6,1027.88,,,,,,,,
2018/3/7,1019.02,,,,,,,,
2018/3/8,1018.41,,,,,,,,
2018/3/9,1038.13,,,,,,,,
2018/3/12,1037.92,,,,,,,,
2018/3/13,1030.9,,,,,,,,
2018/3/14,1024.64,,,,,,,,
2018/3/15,1019.02,,,,,,,,
2018/3/16,1029.96,,,,,,,,
2018/3/19,1011.86,,,,,,,,
2018/3/20,1021,,,,,,,,
2018/3/21,1049.16,,,,,,,,
2018/3/22,1027.23,,,,,,,,
2018/3/23,1021.23,,,,,,,,
2018/3/26,1039.18,,,,,,,,
2018/3/27,1028.62,,,,,,,,
2018/3/28,1009.6,,,,,,,,
2018/3/29,1031.69,,,,,,,,
2018/4/2,1010,,,,,,,,
2018/4/3,1030.86,,,,,,,,
2018/4/4,1029.59,,,,,,,,
2018/4/5,1049.46,,,,,,,,
2018/4/6,1029.12,,,,,,,,
2018/4/9,1033.23,,,,,,,,
2018/4/10,1068.16,,,,,,,,
2018/4/11,1080.14,,,,,,,,
2018/4/12,1080.19,,,,,,,,
2018/4/13,1092.4,,,,,,,,
2018/4/16,1103.29,,,,,,,,
2018/4/17,1108.41,,,,,,,,
2018/4/18,1127.03,,,,,,,,
2018/4/19,1128.24,,,,,,,,
2018/4/20,1122.45,,,,,,,,
2018/4/23,1129.25,,,,,,,,
2018/4/24,1116.81,,,,,,,,
2018/4/25,1126.16,,,,,,,,
2018/4/26,1142.57,,,,,,,,
2018/4/27,1129.27,,,,,,,,
2018/4/30,1129.24,,,,,,,,
2018/5/1,1123.03,,,,,,,,
2018/5/2,1128.68,,,,,,,,
2018/5/3,1124.53,,,,,,,,
2018/5/4,1131.32,,,,,,,,
2018/5/7,1134.34,,,,,,,,
2018/5/8,1144.34,,,,,,,,
2018/5/9,1167.11,,,,,,,,
2018/5/10,1175.7,,,,,,,,
2018/5/11,1175.95,,,,,,,,
2018/5/14,1184.03,,,,,,,,
2018/5/15,1185.24,,,,,,,,
2018/5/16,1190.75,,,,,,,,
2018/5/17,1208.87,,,,,,,,
2018/5/18,1199.48,,,,,,,,
2018/5/21,1212.39,,,,,,,,
2018/5/22,1195.57,,,,,,,,
2018/5/23,1195.04,,,,,,,,
2018/5/24,1175.75,,,,,,,,
2018/5/25,1144.95,,,,,,,,
2018/5/29,1142.52,,,,,,,,
2018/5/30,1178.48,,,,,,,,
2018/5/31,1168.42,,,,,,,,
2018/6/1,1173.41,,,,,,,,
2018/6/4,1161.16,,,,,,,,
2018/6/5,1158.1,,,,,,,,
2018/6/6,1163.46,,,,,,,,
2018/6/7,1182.93,,,,,,,,
2018/6/8,1180.03,,,,,,,,
2018/6/11,1184.1,,,,,,,,
2018/6/12,1175.71,,,,,,,,
2018/6/13,1170.97,,,,,,,,
2018/6/14,1167.9,,,,,,,,
2018/6/15,1142.67,,,,,,,,
2018/6/18,1156.64,,,,,,,,
2018/6/19,1154.77,,,,,,,,
2018/6/20,1160.81,,,,,,,,
2018/6/21,1138.18,,,,,,,,
2018/6/22,1164.79,,,,,,,,
2018/6/25,1138.53,,,,,,,,
2018/6/26,1155.39,,,,,,,,
2018/6/27,1171.13,,,,,,,,
2018/6/28,1169.67,,,,,,,,
2018/6/29,1176.58,,,,,,,,
2018/7/2,1157.63,,,,,,,,
2018/7/3,1166.36,,,,,,,,
2018/7/5,1165,,,,,,,,
2018/7/6,1174.51,,,,,,,,
2018/7/9,1192.28,,,,,,,,
2018/7/10,1200.2,,,,,,,,
2018/7/11,1173.97,,,,,,,,
2018/7/12,1175.84,,,,,,,,
2018/7/13,1182.17,,,,,,,,
2018/7/16,1167.37,,,,,,,,
2018/7/17,1163.33,,,,,,,,
2018/7/18,1164.05,,,,,,,,
2018/7/19,1164.33,,,,,,,,
2018/7/20,1160.13,,,,,,,,
2018/7/23,1155.17,,,,,,,,
2018/7/24,1169.63,,,,,,,,
2018/7/25,1179.94,,,,,,,,
2018/7/26,1190.99,,,,,,,,
2018/7/27,1183.46,,,,,,,,
2018/7/30,1194.77,,,,,,,,
2018/7/31,1191.28,,,,,,,,
2018/8/1,1175.47,,,,,,,,
2018/8/2,1171.03,,,,,,,,
2018/8/3,1165.58,,,,,,,,
2018/8/6,1170.65,,,,,,,,
2018/8/7,1178.31,,,,,,,,
2018/8/8,1168.93,,,,,,,,
2018/8/9,1158.97,,,,,,,,
2018/8/10,1165.21,,,,,,,,
2018/8/13,1149.64,,,,,,,,
2018/8/14,1153.57,,,,,,,,
2018/8/15,1112.01,,,,,,,,
2018/8/16,1120.67,,,,,,,,
2018/8/17,1124.13,,,,,,,,
2018/8/20,1132.15,,,,,,,,
2018/8/21,1139.1,,,,,,,,
2018/8/22,1153.52,,,,,,,,
2018/8/23,1147.33,,,,,,,,
2018/8/24,1156.75,,,,,,,,
2018/8/27,1164.86,,,,,,,,
2018/8/28,1159.01,,,,,,,,
2018/8/29,1167.12,,,,,,,,
2018/8/30,1163.34,,,,,,,,
2018/8/31,1154.97,,,,,,,,
2018/9/4,1151.07,,,,,,,,
2018/9/5,1149,,,,,,,,
2018/9/6,1126.06,,,,,,,,
2018/9/7,1125.78,,,,,,,,
2018/9/10,1125.46,,,,,,,,
2018/9/11,1138.09,,,,,,,,
2018/9/12,1144.97,,,,,,,,
2018/9/13,1144.44,,,,,,,,
2018/9/14,1150.77,,,,,,,,
2018/9/17,1151.66,,,,,,,,
2018/9/18,1161.06,,,,,,,,
2018/9/19,1166.69,,,,,,,,
2018/9/20,1166.13,,,,,,,,
2018/9/21,1174.46,,,,,,,,
2018/9/24,1192.15,,,,,,,,
2018/9/25,1199.02,,,,,,,,
2018/9/26,1185.79,,,,,,,,
2018/9/27,1188.03,,,,,,,,
2018/9/28,1185.84,,,,,,,,
2018/10/1,1202.94,,,,,,,,
2018/10/2,1203.96,,,,,,,,
2018/10/3,1215.15,,,,,,,,
2018/10/4,1207.22,,,,,,,,
2018/10/5,1206.43,,,,,,,,
2018/10/8,1205.6,,,,,,,,
2018/10/9,1217.75,,,,,,,,
2018/10/10,1172.97,,,,,,,,
2018/10/11,1137.75,,,,,,,,
2018/10/12,1142.64,,,,,,,,
2018/10/15,1135.13,,,,,,,,
2018/10/16,1145.95,,,,,,,,
2018/10/17,1136.84,,,,,,,,
2018/10/18,1129.67,,,,,,,,
2018/10/19,1120.92,,,,,,,,
2018/10/22,1108.11,,,,,,,,
2018/10/23,1077.26,,,,,,,,
2018/10/24,1034.71,,,,,,,,
2018/10/25,1046.95,,,,,,,,
2018/10/26,1038.22,,,,,,,,
2018/10/29,1016.73,,,,,,,,
2018/10/30,1039.71,,,,,,,,
2018/10/31,1047.56,,,,,,,,
2018/11/1,1057.1,,,,,,,,
2018/11/2,1054.71,,,,,,,,
2018/11/5,1072.44,,,,,,,,
2018/11/6,1074.92,,,,,,,,
2018/11/7,1092.73,,,,,,,,
2018/11/8,1067.39,,,,,,,,
2018/11/9,1066.13,,,,,,,,
2018/11/12,1042.16,,,,,,,,
2018/11/13,1017.14,,,,,,,,
2018/11/14,1015.73,,,,,,,,
2018/11/15,1032.78,,,,,,,,
2018/11/16,1043.21,,,,,,,,
2018/11/19,1041.81,,,,,,,,
2018/11/20,1006.6,,,,,,,,
2018/11/21,1023.08,,,,,,,,
2018/11/23,990.08,,,,,,,,
2018/11/26,1007.09,,,,,,,,
2018/11/27,1003.32,,,,,,,,
2018/11/28,1020.43,,,,,,,,
2018/11/29,1026.39,,,,,,,,
2018/11/30,1022.26,,,,,,,,
2018/12/3,1046.46,,,,,,,,
2018/12/4,1015.3,,,,,,,,
2018/12/6,996.43,,,,,,,,
2018/12/7,990.81,,,,,,,,
2018/12/10,974.04,,,,,,,,
2018/12/11,974.24,,,,,,,,
2018/12/12,977.71,,,,,,,,
2018/12/13,980.95,,,,,,,,
2018/12/14,956.08,,,,,,,,
2018/12/17,937.32,,,,,,,,
2018/12/18,915.47,,,,,,,,
2018/12/19,903.81,,,,,,,,
2018/12/20,878.37,,,,,,,,
2018/12/21,868.02,,,,,,,,
2018/12/24,832.8,,,,,,,,
2018/12/26,886.4,,,,,,,,
2018/12/27,891.44,,,,,,,,
2018/12/28,883.3,,,,,,,,
2018/12/31,887.65,,,,,,,,
2019/1/2,906.03,,,,,,,,
2019/1/3,897.02,,,,,,,,
2019/1/4,930.22,,,,,,,,
2019/1/7,944.22,,,,,,,,
2019/1/8,952.8,,,,,,,,
2019/1/9,967.65,,,,,,,,
2019/1/10,970.68,,,,,,,,
2019/1/11,964.14,,,,,,,,
2019/1/14,962.74,,,,,,,,
2019/1/15,966.28,,,,,,,,
2019/1/16,964.98,,,,,,,,
2019/1/17,974.18,,,,,,,,
2019/1/18,992.9,,,,,,,,
2019/1/22,969.58,,,,,,,,
2019/1/23,959.36,,,,,,,,
2019/1/24,965.51,,,,,,,,
2019/1/25,977.86,,,,,,,,
2019/1/28,967.67,,,,,,,,
2019/1/29,970.82,,,,,,,,
2019/1/30,984.75,,,,,,,,
2019/1/31,989.79,,,,,,,,
2019/2/1,1006.96,,,,,,,,
2019/2/4,1009.36,,,,,,,,
2019/2/5,1009.89,,,,,,,,
2019/2/6,1001.95,,,,,,,,
2019/2/7,979.76,,,,,,,,
2019/2/8,975.29,,,,,,,,
2019/2/11,980.49,,,,,,,,
2019/2/12,993.15,,,,,,,,
2019/2/13,1006.07,,,,,,,,
2019/2/14,1009.59,,,,,,,,
2019/2/15,1026.51,,,,,,,,
2019/2/19,1030.09,,,,,,,,
2019/2/20,1034.24,,,,,,,,
2019/2/21,1017.29,,,,,,,,
2019/2/22,1020.82,,,,,,,,
2019/2/25,1021.94,,,,,,,,
2019/2/26,1017.2,,,,,,,,
2019/2/27,1021.4,,,,,,,,
2019/2/28,1011.08,,,,,,,,
2019/3/1,1029.73,,,,,,,,
2019/3/4,1032.48,,,,,,,,
2019/3/5,1029.27,,,,,,,,
2019/3/6,1014.99,,,,,,,,
2019/3/7,1009.55,,,,,,,,
2019/3/8,989.81,,,,,,,,
2019/3/11,1005.86,,,,,,,,
2019/3/12,1013.35,,,,,,,,
2019/3/13,1024.75,,,,,,,,
2019/3/14,1025.4,,,,,,,,
2019/3/15,1024.13,,,,,,,,
2019/3/18,1039.29,,,,,,,,
2019/3/19,1035.59,,,,,,,,
2019/3/20,1045.84,,,,,,,,
2019/3/21,1053.3,,,,,,,,
2019/3/22,1024.06,,,,,,,,
2019/3/25,1023.97,,,,,,,,
2019/3/26,1038.72,,,,,,,,
2019/3/27,1031.69,,,,,,,,
2019/3/28,1035.85,,,,,,,,
2019/3/29,1034.81,,,,,,,,
2019/4/1,1048.93,,,,,,,,
2019/4/2,1041.37,,,,,,,,
2019/4/3,1030.33,,,,,,,,
2019/4/4,1039.54,,,,,,,,
2019/4/5,1058.03,,,,,,,,
2019/4/8,1062.86,,,,,,,,
2019/4/9,1048.99,,,,,,,,
2019/4/10,1053.92,,,,,,,,
2019/4/11,1053.55,,,,,,,,
2019/4/12,1056.85,,,,,,,,
2019/4/15,1050.5,,,,,,,,
2019/4/16,1056.99,,,,,,,,
2019/4/17,1055.76,,,,,,,,
2019/4/18,1049.99,,,,,,,,
2019/4/22,1072.71,,,,,,,,
2019/4/23,1073.3,,,,,,,,
2019/4/24,1053.33,,,,,,,,
2019/4/25,1048.88,,,,,,,,
2019/4/26,1037.1,,,,,,,,
2019/4/29,1035,,,,,,,,
2019/4/30,1033.48,,,,,,,,
2019/5/1,1010.77,,,,,,,,
2019/5/2,993.1,,,,,,,,
2019/5/3,1002.89,,,,,,,,
2019/5/6,1002.59,,,,,,,,
2019/5/7,996.13,,,,,,,,
2019/5/8,995.09,,,,,,,,
2019/5/9,995.49,,,,,,,,
2019/5/10,1000.28,,,,,,,,
2019/5/13,983.26,,,,,,,,
2019/5/14,995.55,,,,,,,,
2019/5/15,1000.82,,,,,,,,
2019/5/16,1006.5,,,,,,,,
2019/5/17,995.1,,,,,,,,
2019/5/20,994.85,,,,,,,,
2019/5/21,1006.28,,,,,,,,
2019/5/22,989.01,,,,,,,,
2019/5/23,956.9,,,,,,,,
2019/5/24,958.04,,,,,,,,
2019/5/28,947.19,,,,,,,,
2019/5/29,942.38,,,,,,,,
2019/5/30,930.59,,,,,,,,
2019/5/31,915.65,,,,,,,,
2019/6/3,928.28,,,,,,,,
2019/6/4,944.67,,,,,,,,
2019/6/5,933.04,,,,,,,,
2019/6/6,948.6,,,,,,,,
2019/6/7,952.59,,,,,,,,
2019/6/10,954.95,,,,,,,,
2019/6/11,956.02,,,,,,,,
2019/6/12,940.46,,,,,,,,
2019/6/13,953.07,,,,,,,,
2019/6/14,944.87,,,,,,,,
2019/6/17,953.87,,,,,,,,
2019/6/18,967.61,,,,,,,,
2019/6/19,965.69,,,,,,,,
2019/6/20,987.46,,,,,,,,
2019/6/21,995.18,,,,,,,,
2019/6/24,985.52,,,,,,,,
2019/6/25,977.18,,,,,,,,
2019/6/26,993.03,,,,,,,,
2019/6/27,985.51,,,,,,,,
2019/6/28,998,,,,,,,,
2019/7/1,999.28,,,,,,,,
2019/7/2,980.94,,,,,,,,
2019/7/3,986.44,,,,,,,,
2019/7/5,988.16,,,,,,,,
2019/7/8,988.32,,,,,,,,
2019/7/9,989.11,,,,,,,,
2019/7/10,1003.44,,,,,,,,
2019/7/11,1004.21,,,,,,,,
2019/7/12,1007.82,,,,,,,,
2019/7/15,997.19,,,,,,,,
2019/7/16,985.55,,,,,,,,
2019/7/17,973.15,,,,,,,,
2019/7/18,973,,,,,,,,
2019/7/19,978.14,,,,,,,,
2019/7/22,982.65,,,,,,,,
2019/7/23,985.54,,,,,,,,
2019/7/24,989.85,,,,,,,,
2019/7/25,976.85,,,,,,,,
2019/7/26,972.1,,,,,,,,
2019/7/29,967.73,,,,,,,,
2019/7/30,981.24,,,,,,,,
2019/7/31,976.59,,,,,,,,
2019/8/1,951.77,,,,,,,,
2019/8/2,939,,,,,,,,
2019/8/5,910.52,,,,,,,,
2019/8/6,909.64,,,,,,,,
2019/8/7,902.9,,,,,,,,
2019/8/8,928.26,,,,,,,,
2019/8/9,916.47,,,,,,,,
2019/8/12,906.45,,,,,,,,
2019/8/13,915.21,,,,,,,,
2019/8/14,877.17,,,,,,,,
2019/8/15,872.56,,,,,,,,
2019/8/16,886.13,,,,,,,,
2019/8/19,906.33,,,,,,,,
2019/8/20,897.94,,,,,,,,
2019/8/21,904.62,,,,,,,,
2019/8/22,899.5,,,,,,,,
2019/8/23,868.25,,,,,,,,
2019/8/26,872.29,,,,,,,,
2019/8/27,866.59,,,,,,,,
2019/8/28,879.82,,,,,,,,
2019/8/29,893.46,,,,,,,,
2019/8/30,893.23,,,,,,,,
2019/9/3,888.19,,,,,,,,
2019/9/4,901.49,,,,,,,,
2019/9/5,913.87,,,,,,,,
2019/9/6,917.94,,,,,,,,
2019/9/9,937.36,,,,,,,,
2019/9/10,949.11,,,,,,,,
2019/9/11,950.09,,,,,,,,
2019/9/12,943.88,,,,,,,,
2019/9/13,951.55,,,,,,,,
2019/9/16,986.72,,,,,,,,
2019/9/17,969.87,,,,,,,,
2019/9/18,965.45,,,,,,,,
2019/9/19,961.18,,,,,,,,
2019/9/20,962.18,,,,,,,,
2019/9/23,963.1,,,,,,,,
2019/9/24,946.82,,,,,,,,
2019/9/25,948.81,,,,,,,,
2019/9/26,935.91,,,,,,,,
2019/9/27,935.45,,,,,,,,
2019/9/30,928.98,,,,,,,,
2019/10/1,907.88,,,,,,,,
2019/10/2,884.57,,,,,,,,
2019/10/3,895.73,,,,,,,,
2019/10/4,901.15,,,,,,,,
2019/10/7,892.21,,,,,,,,
2019/10/8,875.91,,,,,,,,
2019/10/9,885.16,,,,,,,,
2019/10/10,896.24,,,,,,,,
2019/10/11,909.26,,,,,,,,
2019/10/14,907.36,,,,,,,,
2019/10/15,911.02,,,,,,,,
2019/10/16,898.44,,,,,,,,
2019/10/17,899.06,,,,,,,,
2019/10/18,894.1,,,,,,,,
2019/10/21,910.47,,,,,,,,
2019/10/22,922.26,,,,,,,,
2019/10/23,929.2,,,,,,,,
2019/10/24,925.61,,,,,,,,
2019/10/25,932.65,,,,,,,,
2019/10/28,926.74,,,,,,,,
2019/10/29,931.12,,,,,,,,
2019/10/30,911.58,,,,,,,,
2019/10/31,907.79,,,,,,,,
2019/11/1,931.04,,,,,,,,
2019/11/4,959.8,,,,,,,,
2019/11/5,963.37,,,,,,,,
2019/11/6,941.17,,,,,,,,
2019/11/7,955.98,,,,,,,,
2019/11/8,951.68,,,,,,,,
2019/11/11,945.82,,,,,,,,
2019/11/12,940.23,,,,,,,,
2019/11/13,935.06,,,,,,,,
2019/11/14,932.18,,,,,,,,
2019/11/15,940.8,,,,,,,,
2019/11/18,927.97,,,,,,,,
2019/11/19,914.45,,,,,,,,
2019/11/20,923.71,,,,,,,,
2019/11/21,938.57,,,,,,,,
2019/11/22,935.34,,,,,,,,
2019/11/25,937.52,,,,,,,,
2019/11/26,927.76,,,,,,,,
2019/11/27,930.81,,,,,,,,
2019/11/29,921.03,,,,,,,,
2019/12/2,921.46,,,,,,,,
2019/12/3,907.94,,,,,,,,
2019/12/4,922.42,,,,,,,,
2019/12/5,917.58,,,,,,,,
2019/12/6,936.26,,,,,,,,
2019/12/9,934.56,,,,,,,,
2019/12/10,936.34,,,,,,,,
2019/12/11,934.9,,,,,,,,
2019/12/12,953.83,,,,,,,,
2019/12/13,945.55,,,,,,,,
2019/12/16,959.29,,,,,,,,
2019/12/17,959.73,,,,,,,,
2019/12/18,963.05,,,,,,,,
2019/12/19,963,,,,,,,,
2019/12/20,971.09,,,,,,,,
2019/12/23,981.95,,,,,,,,
2019/12/24,981.4,,,,,,,,
2019/12/26,981.67,,,,,,,,
2019/12/27,976.74,,,,,,,,
2019/12/30,973.69,,,,,,,,
2019/12/31,980.01,,,,,,,,
2020/1/2,988.03,,,,,,,,
2020/1/3,985.44,,,,,,,,
2020/1/6,993.07,,,,,,,,
2020/1/7,991.19,,,,,,,,
2020/1/8,972.85,,,,,,,,
2020/1/9,980.09,,,,,,,,
2020/1/10,973.89,,,,,,,,
2020/1/13,974.46,,,,,,,,
2020/1/14,975.07,,,,,,,,
2020/1/15,968.44,,,,,,,,
2020/1/16,969.64,,,,,,,,
2020/1/17,963.24,,,,,,,,
2020/1/21,944.64,,,,,,,,
2020/1/22,935.82,,,,,,,,
2020/1/23,932.16,,,,,,,,
2020/1/24,921.01,,,,,,,,
2020/1/27,895.18,,,,,,,,
2020/1/28,899.42,,,,,,,,
2020/1/29,889.48,,,,,,,,
2020/1/30,896.9,,,,,,,,
2020/1/31,869.63,,,,,,,,
2020/2/3,858.49,,,,,,,,
2020/2/4,860.69,,,,,,,,
2020/2/5,892.9,,,,,,,,
2020/2/6,882.8,,,,,,,,
2020/2/7,876.11,,,,,,,,
2020/2/10,870.93,,,,,,,,
2020/2/11,880.57,,,,,,,,
2020/2/12,892.64,,,,,,,,
2020/2/13,888.73,,,,,,,,
2020/2/14,884.26,,,,,,,,
2020/2/18,877.38,,,,,,,,
2020/2/19,888.85,,,,,,,,
2020/2/20,888.09,,,,,,,,
2020/2/21,876.09,,,,,,,,
2020/2/24,834.72,,,,,,,,
2020/2/25,798.15,,,,,,,,
2020/2/26,773.85,,,,,,,,
2020/2/27,731.13,,,,,,,,
2020/2/28,740.86,,,,,,,,
2020/3/2,761.83,,,,,,,,
2020/3/3,737.83,,,,,,,,
2020/3/4,753.31,,,,,,,,
2020/3/5,725.57,,,,,,,,
2020/3/6,683.34,,,,,,,,
2020/3/9,542.57,,,,,,,,
2020/3/10,570.28,,,,,,,,
2020/3/11,539.06,,,,,,,,
2020/3/12,473.86,,,,,,,,
2020/3/13,516.64,,,,,,,,
2020/3/16,447.03,,,,,,,,
2020/3/17,449.1,,,,,,,,
2020/3/18,385.54,,,,,,,,
2020/3/19,411.99,,,,,,,,
2020/3/20,416.31,,,,,,,,
2020/3/23,388.08,,,,,,,,
2020/3/24,450.3,,,,,,,,
2020/3/25,469.86,,,,,,,,
2020/3/26,498.42,,,,,,,,
2020/3/27,464.29,,,,,,,,
2020/3/30,468.54,,,,,,,,
2020/3/31,476.61,,,,,,,,
2020/4/1,454.03,,,,,,,,
2020/4/2,494.76,,,,,,,,
2020/4/3,488.14,,,,,,,,
2020/4/6,513.54,,,,,,,,
2020/4/7,523.92,,,,,,,,
2020/4/8,559.36,,,,,,,,
2020/4/9,554.62,,,,,,,,
2020/4/13,552.82,,,,,,,,
2020/4/14,550.81,,,,,,,,
2020/4/15,525.57,,,,,,,,
2020/4/16,504.68,,,,,,,,
2020/4/17,556.58,,,,,,,,
2020/4/20,539.23,,,,,,,,
2020/4/21,530.52,,,,,,,,
2020/4/22,548.89,,,,,,,,
2020/4/23,565.78,,,,,,,,
2020/4/24,567.43,,,,,,,,
2020/4/27,579.38,,,,,,,,
2020/4/28,592.15,,,,,,,,
2020/4/29,636.34,,,,,,,,
2020/4/30,623.38,,,,,,,,
2020/5/1,585.85,,,,,,,,
2020/5/4,607.31,,,,,,,,
2020/5/5,607.87,,,,,,,,
2020/5/6,591.8,,,,,,,,
2020/5/7,606.56,,,,,,,,
2020/5/8,633.58,,,,,,,,
2020/5/11,622.97,,,,,,,,
2020/5/12,611.57,,,,,,,,
2020/5/13,584.61,,,,,,,,
2020/5/14,590.32,,,,,,,,
2020/5/15,589.25,,,,,,,,
2020/5/18,636.45,,,,,,,,
2020/5/19,618.47,,,,,,,,
2020/5/20,642.32,,,,,,,,
2020/5/21,632.98,,,,,,,,
2020/5/22,629.44,,,,,,,,
2020/5/26,647.82,,,,,,,,
2020/5/27,654.73,,,,,,,,
2020/5/28,636.18,,,,,,,,
2020/5/29,634.48,,,,,,,,
2020/6/1,645.42,,,,,,,,
2020/6/2,663.39,,,,,,,,
2020/6/3,683.96,,,,,,,,
2020/6/4,684.01,,,,,,,,
2020/6/5,735.95,,,,,,,,
2020/6/8,769.76,,,,,,,,
2020/6/9,740.58,,,,,,,,
2020/6/10,703.69,,,,,,,,
2020/6/11,637.47,,,,,,,,
2020/6/12,654.97,,,,,,,,
2020/6/15,656.59,,,,,,,,
2020/6/16,675.07,,,,,,,,
2020/6/17,652.65,,,,,,,,
2020/6/18,660.6,,,,,,,,
2020/6/19,649.73,,,,,,,,
2020/6/22,653.43,,,,,,,,
2020/6/23,653.55,,,,,,,,
2020/6/24,617.22,,,,,,,,
2020/6/25,629.07,,,,,,,,
2020/6/26,606.26,,,,,,,,
2020/6/29,615.58,,,,,,,,
2020/6/30,629.41,,,,,,,,
2020/7/1,613.88,,,,,,,,
2020/7/2,621.21,,,,,,,,
2020/7/6,624.2,,,,,,,,
2020/7/7,605.3,,,,,,,,
2020/7/8,605.1,,,,,,,,
2020/7/9,576.13,,,,,,,,
2020/7/10,594.31,,,,,,,,
2020/7/13,590.58,,,,,,,,
2020/7/14,611.85,,,,,,,,
2020/7/15,624.23,,,,,,,,
2020/7/16,621.15,,,,,,,,
2020/7/17,612.07,,,,,,,,
2020/7/20,601.57,,,,,,,,
2020/7/21,638.6,,,,,,,,
2020/7/22,630.11,,,,,,,,
2020/7/23,629.45,,,,,,,,
2020/7/24,625.58,,,,,,,,
2020/7/27,626.25,,,,,,,,
2020/7/28,615.44,,,,,,,,
2020/7/29,628.61,,,,,,,,
2020/7/30,604.2,,,,,,,,
2020/7/31,600.92,,,,,,,,
2020/8/3,603.53,,,,,,,,
2020/8/4,618.69,,,,,,,,
2020/8/5,625.6,,,,,,,,
2020/8/6,621.13,,,,,,,,
2020/8/7,622.69,,,,,,,,
2020/8/10,641.97,,,,,,,,
2020/8/11,639.43,,,,,,,,
2020/8/12,646.52,,,,,,,,
2020/8/13,634.01,,,,,,,,
2020/8/14,640.44,,,,,,,,
2020/8/17,636.85,,,,,,,,
2020/8/18,627.91,,,,,,,,
2020/8/19,620.95,,,,,,,,
2020/8/20,607.57,,,,,,,,
2020/8/21,603.27,,,,,,,,
2020/8/24,620.15,,,,,,,,
2020/8/25,611.97,,,,,,,,
2020/8/26,598.03,,,,,,,,
2020/8/27,599.96,,,,,,,,
2020/8/28,610.77,,,,,,,,
2020/8/31,597.09,,,,,,,,
2020/9/1,592.72,,,,,,,,
2020/9/2,589.7,,,,,,,,
2020/9/3,584.97,,,,,,,,
2020/9/4,583.05,,,,,,,,
2020/9/8,560.56,,,,,,,,
2020/9/9,563.95,,,,,,,,
2020/9/10,543.47,,,,,,,,
2020/9/11,544.7,,,,,,,,
2020/9/14,548.73,,,,,,,,
2020/9/15,544.44,,,,,,,,
2020/9/16,566.63,,,,,,,,
2020/9/17,567.01,,,,,,,,
2020/9/18,560.46,,,,,,,,
2020/9/21,542.49,,,,,,,,
2020/9/22,537.18,,,,,,,,
2020/9/23,513.15,,,,,,,,
2020/9/24,513.78,,,,,,,,
2020/9/25,513.64,,,,,,,,
2020/9/28,525.71,,,,,,,,
2020/9/29,511.8,,,,,,,,
2020/9/30,510.03,,,,,,,,
2020/10/1,494.69,,,,,,,,
2020/10/2,499.98,,,,,,,,
2020/10/5,515.22,,,,,,,,
2020/10/6,507.37,,,,,,,,
2020/10/7,514.99,,,,,,,,
2020/10/8,534.35,,,,,,,,
2020/10/9,526.21,,,,,,,,
2020/10/12,528.05,,,,,,,,
2020/10/13,520.37,,,,,,,,
2020/10/14,522.02,,,,,,,,
2020/10/15,528.46,,,,,,,,
2020/10/16,516.86,,,,,,,,
2020/10/19,506.33,,,,,,,,
2020/10/20,512.59,,,,,,,,
2020/10/21,502.41,,,,,,,,
2020/10/22,522.96,,,,,,,,
2020/10/23,520.47,,,,,,,,
2020/10/26,502.41,,,,,,,,
2020/10/27,496.02,,,,,,,,
2020/10/28,476.25,,,,,,,,
2020/10/29,490.28,,,,,,,,
2020/10/30,491.86,,,,,,,,
2020/11/2,509.1,,,,,,,,
2020/11/3,505.7,,,,,,,,
2020/11/4,505.85,,,,,,,,
2020/11/5,506.61,,,,,,,,
2020/11/6,496.39,,,,,,,,
2020/11/9,563.79,,,,,,,,
2020/11/10,580.4,,,,,,,,
2020/11/11,576.51,,,,,,,,
2020/11/12,556.88,,,,,,,,
2020/11/13,577.7,,,,,,,,
2020/11/16,613.86,,,,,,,,
2020/11/17,620.19,,,,,,,,
2020/11/18,603.24,,,,,,,,
2020/11/19,613.08,,,,,,,,
2020/11/20,609.78,,,,,,,,
2020/11/23,652.08,,,,,,,,
2020/11/24,685.12,,,,,,,,
2020/11/25,669.65,,,,,,,,
2020/11/27,661.44,,,,,,,,
2020/11/30,626.53,,,,,,,,
2020/12/1,628.98,,,,,,,,
2020/12/2,648.04,,,,,,,,
2020/12/3,654.77,,,,,,,,
2020/12/4,689.9,,,,,,,,
2020/12/7,673.3,,,,,,,,
2020/12/8,683.79,,,,,,,,
2020/12/9,685.51,,,,,,,,
2020/12/10,705.91,,,,,,,,
2020/12/11,697.84,,,,,,,,
2020/12/14,673.81,,,,,,,,
2020/12/15,687.24,,,,,,,,
2020/12/16,684.22,,,,,,,,
2020/12/17,680.33,,,,,,,,
2020/12/18,669.32,,,,,,,,
2020/12/21,657.71,,,,,,,,
2020/12/22,647.15,,,,,,,,
2020/12/23,661.03,,,,,,,,
2020/12/24,656.94,,,,,,,,
2020/12/28,652.9,,,,,,,,
2020/12/29,648.79,,,,,,,,
2020/12/30,659.65,,,,,,,,
2020/12/31,654.36,,,,,,,,
2021/1/4,655.44,,,,,,,,
2021/1/5,684.54,,,,,,,,
2021/1/6,705.5,,,,,,,,
2021/1/7,716.46,,,,,,,,
2021/1/8,715.17,,,,,,,,
2021/1/11,726.87,,,,,,,,
2021/1/12,751.94,,,,,,,,
2021/1/13,745.85,,,,,,,,
2021/1/14,767.79,,,,,,,,
2021/1/15,737.79,,,,,,,,
2021/1/19,752.25,,,,,,,,
2021/1/20,754.34,,,,,,,,
2021/1/21,729.66,,,,,,,,
2021/1/22,726.14,,,,,,,,
2021/1/25,718.62,,,,,,,,
2021/1/26,702.85,,,,,,,,
2021/1/27,693.06,,,,,,,,
2021/1/28,702.32,,,,,,,,
2021/1/29,679.83,,,,,,,,
2021/2/1,684.87,,,,,,,,
2021/2/2,692.5,,,,,,,,
2021/2/3,721.28,,,,,,,,
2021/2/4,728.47,,,,,,,,
2021/2/5,735.19,,,,,,,,
2021/2/8,765.2,,,,,,,,
2021/2/9,757.1,,,,,,,,
2021/2/10,771.01,,,,,,,,
2021/2/11,760.39,,,,,,,,
2021/2/12,771.04,,,,,,,,
2021/2/16,790.36,,,,,,,,
2021/2/17,801.22,,,,,,,,
2021/2/18,781.8,,,,,,,,
2021/2/19,794.98,,,,,,,,
2021/2/22,820.62,,,,,,,,
2021/2/23,834.34,,,,,,,,
2021/2/24,864.02,,,,,,,,
2021/2/25,846.33,,,,,,,,
2021/2/26,827.38,,,,,,,,
2021/3/1,848.88,,,,,,,,
2021/3/2,844.43,,,,,,,,
2021/3/3,856.09,,,,,,,,
2021/3/4,877.47,,,,,,,,
2021/3/5,910.22,,,,,,,,
2021/3/8,911.11,,,,,,,,
2021/3/9,893.84,,,,,,,,
2021/3/10,917.64,,,,,,,,
2021/3/11,919.39,,,,,,,,
2021/3/12,921.12,,,,,,,,
2021/3/15,910.6,,,,,,,,
2021/3/16,885.35,,,,,,,,
2021/3/17,892.8,,,,,,,,
2021/3/18,851.27,,,,,,,,
2021/3/19,852.26,,,,,,,,
2021/3/22,844.15,,,,,,,,
2021/3/23,831.85,,,,,,,,
2021/3/24,851.96,,,,,,,,
2021/3/25,854.67,,,,,,,,
2021/3/26,877.32,,,,,,,,
2021/3/29,865.87,,,,,,,,
2021/3/30,859.28,,,,,,,,
2021/3/31,851.82,,,,,,,,
2021/4/1,874.05,,,,,,,,
2021/4/5,852.97,,,,,,,,
2021/4/6,851.15,,,,,,,,
2021/4/7,855.26,,,,,,,,
2021/4/8,843.69,,,,,,,,
2021/4/9,839.08,,,,,,,,
2021/4/12,831.29,,,,,,,,
2021/4/13,832.2,,,,,,,,
2021/4/14,856.38,,,,,,,,
2021/4/15,849.56,,,,,,,,
2021/4/16,842.13,,,,,,,,
2021/4/19,841.67,,,,,,,,
2021/4/20,819.42,,,,,,,,
2021/4/21,831.37,,,,,,,,
2021/4/22,820.35,,,,,,,,
2021/4/23,828.88,,,,,,,,
2021/4/26,834.28,,,,,,,,
2021/4/27,844.27,,,,,,,,
2021/4/28,872.41,,,,,,,,
2021/4/29,882.09,,,,,,,,
2021/4/30,858.39,,,,,,,,
2021/5/3,882.78,,,,,,,,
2021/5/4,883.02,,,,,,,,
2021/5/5,911.76,,,,,,,,
2021/5/6,915.51,,,,,,,,
2021/5/7,933.49,,,,,,,,
2021/5/10,932.4,,,,,,,,
2021/5/11,909.69,,,,,,,,
2021/5/12,913.12,,,,,,,,
2021/5/13,901.65,,,,,,,,
2021/5/14,930.61,,,,,,,,
2021/5/17,951.59,,,,,,,,
2021/5/18,930.1,,,,,,,,
2021/5/19,907.64,,,,,,,,
2021/5/20,907.03,,,,,,,,
2021/5/21,908.83,,,,,,,,
2021/5/24,917.08,,,,,,,,
2021/5/25,898.72,,,,,,,,
2021/5/26,907.64,,,,,,,,
2021/5/27,908.3,,,,,,,,
2021/5/28,909.05,,,,,,,,
2021/6/1,944.27,,,,,,,,
2021/6/2,960.65,,,,,,,,
2021/6/3,963.94,,,,,,,,
2021/6/4,970.35,,,,,,,,
2021/6/7,967.54,,,,,,,,
2021/6/8,976.01,,,,,,,,
2021/6/9,970.16,,,,,,,,
2021/6/10,969.76,,,,,,,,
2021/6/11,967.12,,,,,,,,
2021/6/14,962.9,,,,,,,,
2021/6/15,981.66,,,,,,,,
2021/6/16,977.29,,,,,,,,
2021/6/17,942.81,,,,,,,,
2021/6/18,915.14,,,,,,,,
2021/6/21,954.15,,,,,,,,
2021/6/22,960.17,,,,,,,,
2021/6/23,963.14,,,,,,,,
2021/6/24,971.24,,,,,,,,
2021/6/25,976.57,,,,,,,,
2021/6/28,945.21,,,,,,,,
2021/6/29,940.62,,,,,,,,
2021/6/30,952.89,,,,,,,,
2021/7/1,968.91,,,,,,,,
2021/7/2,966.89,,,,,,,,
2021/7/6,936.62,,,,,,,,
2021/7/7,920.68,,,,,,,,
2021/7/8,916.92,,,,,,,,
2021/7/9,935.49,,,,,,,,
2021/7/12,934.51,,,,,,,,
2021/7/13,927.19,,,,,,,,
2021/7/14,900.11,,,,,,,,
2021/7/15,887.5,,,,,,,,
2021/7/16,863.53,,,,,,,,
2021/7/19,833.08,,,,,,,,
2021/7/20,845.56,,,,,,,,
2021/7/21,874.88,,,,,,,,
2021/7/22,865.16,,,,,,,,
2021/7/23,861.8,,,,,,,,
2021/7/26,882.72,,,,,,,,
2021/7/27,873.34,,,,,,,,
2021/7/28,881.71,,,,,,,,
2021/7/29,889.1,,,,,,,,
2021/7/30,875.04,,,,,,,,
2021/8/2,868.99,,,,,,,,
2021/8/3,884.79,,,,,,,,
2021/8/4,860.22,,,,,,,,
2021/8/5,871.27,,,,,,,,
2021/8/6,878.95,,,,,,,,
2021/8/9,866.77,,,,,,,,
2021/8/10,882.31,,,,,,,,
2021/8/11,888.26,,,,,,,,
2021/8/12,887.81,,,,,,,,
2021/8/13,876.43,,,,,,,,
2021/8/16,860.15,,,,,,,,
2021/8/17,853.43,,,,,,,,
2021/8/18,835.6,,,,,,,,
2021/8/19,813.76,,,,,,,,
2021/8/20,816.52,,,,,,,,
2021/8/23,846.45,,,,,,,,
2021/8/24,859.98,,,,,,,,
2021/8/25,866.88,,,,,,,,
2021/8/26,853.99,,,,,,,,
2021/8/27,876.96,,,,,,,,
2021/8/30,867.1,,,,,,,,
2021/8/31,860.81,,,,,,,,
2021/9/1,849.32,,,,,,,,
2021/9/2,870.61,,,,,,,,
2021/9/3,866.29,,,,,,,,
2021/9/7,860.92,,,,,,,,
2021/9/8,851,,,,,,,,
2021/9/9,851.86,,,,,,,,
2021/9/10,851.74,,,,,,,,
2021/9/13,877.14,,,,,,,,
2021/9/14,863.34,,,,,,,,
2021/9/15,896.3,,,,,,,,
2021/9/16,886.31,,,,,,,,
2021/9/17,879.21,,,,,,,,
2021/9/20,852.57,,,,,,,,
2021/9/21,855.64,,,,,,,,
2021/9/22,882.1,,,,,,,,
2021/9/23,911.47,,,,,,,,
2021/9/24,918.46,,,,,,,,
2021/9/27,950.82,,,,,,,,
2021/9/28,953.53,,,,,,,,
2021/9/29,952.62,,,,,,,,
2021/9/30,939.86,,,,,,,,
2021/10/1,968.75,,,,,,,,
2021/10/4,984.24,,,,,,,,
2021/10/5,989.73,,,,,,,,
2021/10/6,979.5,,,,,,,,
2021/10/7,987.91,,,,,,,,
2021/10/8,1016.98,,,,,,,,
2021/10/11,1013.62,,,,,,,,
2021/10/12,1014.81,,,,,,,,
2021/10/13,1016.41,,,,,,,,
2021/10/14,1028.51,,,,,,,,
2021/10/15,1033.37,,,,,,,,
2021/10/18,1035.26,,,,,,,,
2021/10/19,1046.32,,,,,,,,
2021/10/20,1053.48,,,,,,,,
2021/10/21,1035.53,,,,,,,,
2021/10/22,1044.53,,,,,,,,
2021/10/25,1060.47,,,,,,,,
2021/10/26,1066.15,,,,,,,,
2021/10/27,1037.44,,,,,,,,
2021/10/28,1045.47,,,,,,,,
2021/10/29,1039.47,,,,,,,,
2021/11/1,1057.76,,,,,,,,
2021/11/2,1047.49,,,,,,,,
2021/11/3,1038.31,,,,,,,,
2021/11/4,1039.53,,,,,,,,
2021/11/5,1053.76,,,,,,,,
2021/11/8,1063.98,,,,,,,,
2021/11/9,1067.26,,,,,,,,
2021/11/10,1038.84,,,,,,,,
2021/11/11,1044.26,,,,,,,,
2021/11/12,1041.19,,,,,,,,
2021/11/15,1048.6,,,,,,,,
2021/11/16,1050.64,,,,,,,,
2021/11/17,1034.53,,,,,,,,
2021/11/18,1029.5,,,,,,,,
2021/11/19,993.52,,,,,,,,
2021/11/22,1008.98,,,,,,,,
2021/11/23,1038.44,,,,,,,,
2021/11/24,1049.62,,,,,,,,
2021/11/26,1006.89,,,,,,,,
2021/11/29,1013.78,,,,,,,,
2021/11/30,987.83,,,,,,,,
2021/12/1,976.04,,,,,,,,
2021/12/2,1003.2,,,,,,,,
2021/12/3,993.99,,,,,,,,
2021/12/6,1009.86,,,,,,,,
2021/12/7,1033.58,,,,,,,,
2021/12/8,1033.59,,,,,,,,
2021/12/9,1023.22,,,,,,,,
2021/12/10,1030.25,,,,,,,,
2021/12/13,1002.11,,,,,,,,
2021/12/14,997.78,,,,,,,,
2021/12/15,994.32,,,,,,,,
2021/12/16,999.13,,,,,,,,
2021/12/17,978.75,,,,,,,,
2021/12/20,966.23,,,,,,,,
2021/12/21,994.85,,,,,,,,
2021/12/22,999.85,,,,,,,,
2021/12/23,1001.03,,,,,,,,
2021/12/27,1022.72,,,,,,,,
2021/12/28,1020.94,,,,,,,,
2021/12/29,1014.62,,,,,,,,
2021/12/30,1008.02,,,,,,,,
2021/12/31,1010.58,,,,,,,,
2022/1/3,1040.75,,,,,,,,
2022/1/4,1074.59,,,,,,,,
2022/1/5,1071.96,,,,,,,,
2022/1/6,1095.77,,,,,,,,
2022/1/7,1110.36,,,,,,,,
2022/1/10,1107.14,,,,,,,,
2022/1/11,1143.7,,,,,,,,
2022/1/12,1146.45,,,,,,,,
2022/1/13,1139,,,,,,,,
2022/1/14,1165.85,,,,,,,,
2022/1/18,1168.32,,,,,,,,
2022/1/19,1159.02,,,,,,,,
2022/1/20,1147.8,,,,,,,,
2022/1/21,1125.07,,,,,,,,
2022/1/24,1131.27,,,,,,,,
2022/1/25,1173.27,,,,,,,,
2022/1/26,1171.02,,,,,,,,
2022/1/27,1183.44,,,,,,,,
2022/1/28,1179.3,,,,,,,,
2022/1/31,1186.31,,,,,,,,
2022/2/1,1227.83,,,,,,,,
2022/2/2,1232.38,,,,,,,,
2022/2/3,1218.56,,,,,,,,
2022/2/4,1236.43,,,,,,,,
2022/2/7,1251.35,,,,,,,,
2022/2/8,1226.31,,,,,,,,
2022/2/9,1237.31,,,,,,,,
2022/2/10,1228.91,,,,,,,,
2022/2/11,1263.54,,,,,,,,
2022/2/14,1235.3,,,,,,,,
2022/2/15,1222.56,,,,,,,,
2022/2/16,1231.54,,,,,,,,
2022/2/17,1229.87,,,,,,,,
2022/2/18,1219.91,,,,,,,,
2022/2/22,1200.66,,,,,,,,
2022/2/23,1211.71,,,,,,,,
2022/2/24,1205.92,,,,,,,,
2022/2/25,1238.87,,,,,,,,
2022/2/28,1272.93,,,,,,,,
2022/3/1,1284.74,,,,,,,,
2022/3/2,1313.33,,,,,,,,
2022/3/3,1315.7,,,,,,,,
2022/3/4,1354.25,,,,,,,,
2022/3/7,1374.5,,,,,,,,
2022/3/8,1392.36,,,,,,,,
2022/3/9,1351.66,,,,,,,,
2022/3/10,1391.09,,,,,,,,
2022/3/11,1378.54,,,,,,,,
2022/3/14,1337.98,,,,,,,,
2022/3/15,1291.56,,,,,,,,
2022/3/16,1287.64,,,,,,,,
2022/3/17,1332.49,,,,,,,,
2022/3/18,1335.03,,,,,,,,
2022/3/21,1384.17,,,,,,,,
2022/3/22,1375.8,,,,,,,,
2022/3/23,1400.05,,,,,,,,
2022/3/24,1403.63,,,,,,,,
2022/3/25,1437.17,,,,,,,,
2022/3/28,1401.01,,,,,,,,
2022/3/29,1396.01,,,,,,,,
2022/3/30,1411.78,,,,,,,,
2022/3/31,1392.87,,,,,,,,
2022/4/1,1406.33,,,,,,,,
2022/4/4,1408.54,,,,,,,,
2022/4/5,1386.35,,,,,,,,
2022/4/6,1392.21,,,,,,,,
2022/4/7,1409.45,,,,,,,,
2022/4/8,1446.08,,,,,,,,
2022/4/11,1402.58,,,,,,,,
2022/4/12,1425.49,,,,,,,,
2022/4/13,1445.54,,,,,,,,
2022/4/14,1451.62,,,,,,,,
2022/4/18,1473.59,,,,,,,,
2022/4/19,1460.87,,,,,,,,
2022/4/20,1466.87,,,,,,,,
2022/4/21,1420.05,,,,,,,,
2022/4/22,1384.91,,,,,,,,
2022/4/25,1340.21,,,,,,,,
2022/4/26,1341.04,,,,,,,,
2022/4/27,1360.66,,,,,,,,
2022/4/28,1401.43,,,,,,,,
2022/4/29,1366.96,,,,,,,,
2022/5/2,1384.82,,,,,,,,
2022/5/3,1425.01,,,,,,,,
2022/5/4,1483.42,,,,,,,,
2022/5/5,1460.48,,,,,,,,
2022/5/6,1499.6,,,,,,,,
2022/5/9,1374.05,,,,,,,,
2022/5/10,1384.36,,,,,,,,
2022/5/11,1401.22,,,,,,,,
2022/5/12,1405.81,,,,,,,,
2022/5/13,1454,,,,,,,,
2022/5/16,1490.53,,,,,,,,
2022/5/17,1510.27,,,,,,,,
2022/5/18,1470.73,,,,,,,,
2022/5/19,1466.63,,,,,,,,
2022/5/20,1473.31,,,,,,,,
2022/5/23,1512.39,,,,,,,,
2022/5/24,1517.31,,,,,,,,
2022/5/25,1548.73,,,,,,,,
2022/5/26,1567.29,,,,,,,,
2022/5/27,1596.7,,,,,,,,
2022/5/31,1571.22,,,,,,,,
2022/6/1,1599.39,,,,,,,,
2022/6/2,1596.48,,,,,,,,
2022/6/3,1617.03,,,,,,,,
2022/6/6,1615.86,,,,,,,,
2022/6/7,1666.99,,,,,,,,
2022/6/8,1666.75,,,,,,,,
2022/6/9,1628.14,,,,,,,,
2022/6/10,1600.8,,,,,,,,
2022/6/13,1517.21,,,,,,,,
2022/6/14,1518.25,,,,,,,,
2022/6/15,1488.35,,,,,,,,
2022/6/16,1405.73,,,,,,,,
2022/6/17,1331.72,,,,,,,,
2022/6/21,1399.46,,,,,,,,
2022/6/22,1340.95,,,,,,,,
2022/6/23,1292.76,,,,,,,,
2022/6/24,1313.61,,,,,,,,
2022/6/27,1351.25,,,,,,,,
2022/6/28,1386.85,,,,,,,,
2022/6/29,1340.36,,,,,,,,
2022/6/30,1313.49,,,,,,,,
2022/7/1,1331.54,,,,,,,,
2022/7/5,1279.34,,,,,,,,
2022/7/6,1256.12,,,,,,,,
2022/7/7,1302.84,,,,,,,,
2022/7/8,1302.41,,,,,,,,
2022/7/11,1289.59,,,,,,,,
2022/7/12,1264.27,,,,,,,,
2022/7/13,1263.24,,,,,,,,
2022/7/14,1241.17,,,,,,,,
2022/7/15,1262.47,,,,,,,,
2022/7/18,1287.95,,,,,,,,
2022/7/19,1329.22,,,,,,,,
2022/7/20,1344.02,,,,,,,,
2022/7/21,1322.91,,,,,,,,
2022/7/22,1310.5,,,,,,,,
2022/7/25,1359.45,,,,,,,,
2022/7/26,1349.02,,,,,,,,
2022/7/27,1378.91,,,,,,,,
2022/7/28,1388.08,,,,,,,,
2022/7/29,1449.87,,,,,,,,
2022/8/1,1419.14,,,,,,,,
2022/8/2,1417.33,,,,,,,,
2022/8/3,1378.61,,,,,,,,
2022/8/4,1330.66,,,,,,,,
2022/8/5,1357.91,,,,,,,,
2022/8/8,1365.5,,,,,,,,
2022/8/9,1389,,,,,,,,
2022/8/10,1401.75,,,,,,,,
2022/8/11,1448.25,,,,,,,,
2022/8/12,1461.12,,,,,,,,
2022/8/15,1434.59,,,,,,,,
2022/8/16,1430.76,,,,,,,,
2022/8/17,1441.55,,,,,,,,
2022/8/18,1480.53,,,,,,,,
2022/8/19,1478.44,,,,,,,,
2022/8/22,1474.63,,,,,,,,
2022/8/23,1525.37,,,,,,,,
2022/8/24,1544.85,,,,,,,,
2022/8/25,1557.06,,,,,,,,
2022/8/26,1540.1,,,,,,,,
2022/8/29,1561.92,,,,,,,,
2022/8/30,1509.54,,,,,,,,
2022/8/31,1497.45,,,,,,,,
2022/9/1,1463.12,,,,,,,,
2022/9/2,1491.68,,,,,,,,
2022/9/6,1475.26,,,,,,,,
2022/9/7,1460.52,,,,,,,,
2022/9/8,1469.84,,,,,,,,
2022/9/9,1504.92,,,,,,,,
2022/9/12,1530.96,,,,,,,,
2022/9/13,1494.28,,,,,,,,
2022/9/14,1538.88,,,,,,,,
2022/9/15,1500.41,,,,,,,,
2022/9/16,1467.57,,,,,,,,
2022/9/19,1470.22,,,,,,,,
2022/9/20,1459.77,,,,,,,,
2022/9/21,1437.88,,,,,,,,
2022/9/22,1429.78,,,,,,,,
2022/9/23,1333.05,,,,,,,,
2022/9/26,1296.92,,,,,,,,
2022/9/27,1312.74,,,,,,,,
2022/9/28,1372.91,,,,,,,,
2022/9/29,1369.51,,,,,,,,
2022/9/30,1359.75,,,,,,,,
2022/10/3,1435.3,,,,,,,,
2022/10/4,1497.33,,,,,,,,
2022/10/5,1525.36,,,,,,,,
2022/10/6,1549.01,,,,,,,,
2022/10/7,1536.92,,,,,,,,
2022/10/10,1506.31,,,,,,,,
2022/10/11,1496.71,,,,,,,,
2022/10/12,1507.38,,,,,,,,
2022/10/13,1567.29,,,,,,,,
2022/10/14,1508.02,,,,,,,,
2022/10/17,1526.49,,,,,,,,
2022/10/18,1537.68,,,,,,,,
2022/10/19,1580.41,,,,,,,,
2022/10/20,1581.64,,,,,,,,
2022/10/21,1622.79,,,,,,,,
2022/10/24,1628.26,,,,,,,,
2022/10/25,1630.08,,,,,,,,
2022/10/26,1651.32,,,,,,,,
2022/10/27,1656.07,,,,,,,,
2022/10/28,1666.7,,,,,,,,
2022/10/31,1679.63,,,,,,,,
2022/11/1,1696,,,,,,,,
2022/11/2,1659.42,,,,,,,,
2022/11/3,1691.94,,,,,,,,
2022/11/4,1709.51,,,,,,,,
2022/11/7,1739.51,,,,,,,,
2022/11/8,1739.88,,,,,,,,
2022/11/9,1654.75,,,,,,,,
2022/11/10,1694.55,,,,,,,,
2022/11/11,1741.66,,,,,,,,
2022/11/14,1736.44,,,,,,,,
2022/11/15,1758.43,,,,,,,,
2022/11/16,1722.24,,,,,,,,
2022/11/17,1725.86,,,,,,,,
2022/11/18,1711.73,,,,,,,,
2022/11/21,1687.25,,,,,,,,
2022/11/22,1742.33,,,,,,,,
2022/11/23,1723.45,,,,,,,,
2022/11/25,1719.1,,,,,,,,
2022/11/28,1671.94,,,,,,,,
2022/11/29,1693.47,,,,,,,,
2022/11/30,1705.73,,,,,,,,
2022/12/1,1696.92,,,,,,,,
2022/12/2,1686.92,,,,,,,,
2022/12/5,1635.75,,,,,,,,
2022/12/6,1591.83,,,,,,,,
2022/12/7,1587.66,,,,,,,,
2022/12/8,1578.57,,,,,,,,
2022/12/9,1543.48,,,,,,,,
2022/12/12,1582.79,,,,,,,,
2022/12/13,1611.46,,,,,,,,
2022/12/14,1602.79,,,,,,,,
2022/12/15,1594.66,,,,,,,,
2022/12/16,1572.21,,,,,,,,
2022/12/19,1570.9,,,,,,,,
2022/12/20,1593.51,,,,,,,,
2022/12/21,1625.09,,,,,,,,
2022/12/22,1585.39,,,,,,,,
2022/12/23,1635.38,,,,,,,,
2022/12/27,1651.7,,,,,,,,
2022/12/28,1611.94,,,,,,,,
2022/12/29,1628.06,,,,,,,,
2022/12/30,1639.62,,,,,,,,
2023/1/3,1576.82,,,,,,,,
2023/1/4,1580.06,,,,,,,,
2023/1/5,1607.12,,,,,,,,
2023/1/6,1635.09,,,,,,,,
2023/1/9,1630.71,,,,,,,,
2023/1/10,1643.84,,,,,,,,
2023/1/11,1650.74,,,,,,,,
2023/1/12,1682.91,,,,,,,,
2023/1/13,1685.79,,,,,,,,
2023/1/17,1686.31,,,,,,,,
2023/1/18,1657.06,,,,,,,,
2023/1/19,1672.86,,,,,,,,
2023/1/20,1694.91,,,,,,,,
2023/1/23,1694.99,,,,,,,,
2023/1/24,1689.71,,,,,,,,
2023/1/25,1687.49,,,,,,,,
2023/1/26,1740.44,,,,,,,,
2023/1/27,1708.5,,,,,,,,
2023/1/30,1669.71,,,,,,,,
2023/1/31,1686.89,,,,,,,,
2023/2/1,1656.71,,,,,,,,
2023/2/2,1615.65,,,,,,,,
2023/2/3,1611.64,,,,,,,,
2023/2/6,1603.45,,,,,,,,
2023/2/7,1651.45,,,,,,,,
2023/2/8,1636.67,,,,,,,,
2023/2/9,1624.49,,,,,,,,
2023/2/10,1687.14,,,,,,,,
2023/2/13,1681,,,,,,,,
2023/2/14,1681.49,,,,,,,,
2023/2/15,1657.28,,,,,,,,
2023/2/16,1638.94,,,,,,,,
2023/2/17,1580.02,,,,,,,,
2023/2/21,1573.08,,,,,,,,
2023/2/22,1563.45,,,,,,,,
2023/2/23,1586.55,,,,,,,,
2023/2/24,1587.46,,,,,,,,
2023/2/27,1592.14,,,,,,,,
2023/2/28,1569.48,,,,,,,,
2023/3/1,1601.27,,,,,,,,
2023/3/2,1615.37,,,,,,,,
2023/3/3,1638.73,,,,,,,,
2023/3/6,1636.39,,,,,,,,
2023/3/7,1609.26,,,,,,,,
2023/3/8,1593.32,,,,,,,,
2023/3/9,1570.21,,,,,,,,
2023/3/10,1548.08,,,,,,,,
2023/3/13,1517.8,,,,,,,,
2023/3/14,1530.14,,,,,,,,
2023/3/15,1449.38,,,,,,,,
2023/3/16,1464.74,,,,,,,,
2023/3/17,1440.54,,,,,,,,
2023/3/20,1470.9,,,,,,,,
2023/3/21,1520.69,,,,,,,,
2023/3/22,1488.06,,,,,,,,
2023/3/23,1468.74,,,,,,,,
2023/3/24,1473.39,,,,,,,,
2023/3/27,1503.18,,,,,,,,
2023/3/28,1525.28,,,,,,,,
2023/3/29,1547.91,,,,,,,,
2023/3/30,1552.9,,,,,,,,
2023/3/31,1563.96,,,,,,,,
2023/4/3,1635.34,,,,,,,,
2023/4/4,1606.66,,,,,,,,
2023/4/5,1627.77,,,,,,,,
2023/4/6,1604.28,,,,,,,,
2023/4/10,1616.27,,,,,,,,
2023/4/11,1629.88,,,,,,,,
2023/4/12,1630.25,,,,,,,,
2023/4/13,1640.12,,,,,,,,
2023/4/14,1642.69,,,,,,,,
2023/4/17,1623.09,,,,,,,,
2023/4/18,1629.02,,,,,,,,
2023/4/19,1624.63,,,,,,,,
2023/4/20,1610.41,,,,,,,,
2023/4/21,1601.23,,,,,,,,
2023/4/24,1625.43,,,,,,,,
2023/4/25,1594.39,,,,,,,,
2023/4/26,1573.43,,,,,,,,
2023/4/27,1580.82,,,,,,,,
2023/4/28,1603.92,,,,,,,,
2023/5/1,1584.51,,,,,,,,
2023/5/2,1517.58,,,,,,,,
2023/5/3,1488.12,,,,,,,,
2023/5/4,1472.67,,,,,,,,
2023/5/5,1513.72,,,,,,,,
,,,,,,,,,
,,,,,,,,,
,,,,,,,,,
,,,,,,,,,
,,,,,,,,,
,,,,,,,,,
,,,,,,,,,
,,,,,,,,,
,,,,,,,,,
,,,,,,,,,
,,,,,,,,,
,,,,,,,,,
,,,,,,,,,
,,,,,,,,,
,,,,,,,,,
,,,,,,,,,
,,,,,,,,,
,,,,,,,,,
,,,,,,,,,
,,,,,,,,,
,,,,,,,,,
,,,,,,,,,
,,,,,,,,,
,,,,,,,,,
,,,,,,,,,
,,,,,,,,,
,,,,,,,,,
,,,,,,,,,
,,,,,,,,,
,,,,,,,,,
,,,,,,,,,
,,,,,,,,,
,,,,,,,,,
,,,,,,,,,
,,,,,,,,,
,,,,,,,,,
,,,,,,,,,
,,,,,,,,,
,,,,,,,,,
,,,,,,,,,
,,,,,,,,,
,,,,,,,,,
,,,,,,,,,
,,,,,,,,,
,,,,,,,,,
,,,,,,,,,
,,,,,,,,,
,,,,,,,,,
,,,,,,,,,
,,,,,,,,,
,,,,,,,,,
,,,,,,,,,
,,,,,,,,,
,,,,,,,,,
,,,,,,,,,
,,,,,,,,,
,,,,,,,,,
,,,,,,,,,
,,,,,,,,,
,,,,,,,,,
,,,,,,,,,
,,,,,,,,,
,,,,,,,,,
,,,,,,,,,
,,,,,,,,,
,,,,,,,,,
,,,,,,,,,
,,,,,,,,,
,,,,,,,,,
,,,,,,,,,
,,,,,,,,,
,,,,,,,,,
