Effective date ,S&P U.S. Treasury Bond Index
2013/4/30,402.21
2013/5/1,402.78
2013/5/2,402.79
2013/5/3,401.34
2013/5/6,401.15
2013/5/7,400.93
2013/5/8,401.01
2013/5/9,400.96
2013/5/10,400.09
2013/5/13,399.72
2013/5/14,399.15
2013/5/15,399.51
2013/5/16,400.28
2013/5/17,399.47
2013/5/20,399.38
2013/5/21,399.79
2013/5/22,398.66
2013/5/23,398.84
2013/5/24,398.92
2013/5/28,397.03
2013/5/29,397.57
2013/5/30,397.54
2013/5/31,397.21
2013/6/3,397.49
2013/6/4,397.04
2013/6/5,397.77
2013/6/6,397.84
2013/6/7,396.62
2013/6/10,396.22
2013/6/11,396.62
2013/6/12,395.88
2013/6/13,397.05
2013/6/14,397.36
2013/6/17,397.06
2013/6/18,397.01
2013/6/19,395.1
2013/6/20,394.25
2013/6/21,392.66
2013/6/24,392.33
2013/6/25,392.07
2013/6/26,392.72
2013/6/27,393.59
2013/6/28,393.62
2013/7/1,393.82
2013/7/2,393.85
2013/7/3,393.51
2013/7/5,391.16
2013/7/8,392.02
2013/7/9,392.19
2013/7/10,391.71
2013/7/11,393.16
2013/7/12,392.97
2013/7/15,393.41
2013/7/16,393.61
2013/7/17,394.16
2013/7/18,393.52
2013/7/19,394.37
2013/7/22,394.42
2013/7/23,394.18
2013/7/24,393.27
2013/7/25,393.51
2013/7/26,393.77
2013/7/29,393.5
2013/7/30,393.41
2013/7/31,393.58
2013/8/1,392.18
2013/8/2,393.51
2013/8/5,393.08
2013/8/6,393.12
2013/8/7,393.57
2013/8/8,393.75
2013/8/9,393.85
2013/8/12,393.52
2013/8/13,392.3
2013/8/14,392.37
2013/8/15,391.58
2013/8/16,391.13
2013/8/19,390.56
2013/8/20,391.26
2013/8/21,390.29
2013/8/22,390.16
2013/8/23,390.96
2013/8/26,391.41
2013/8/27,392.25
2013/8/28,391.59
2013/8/29,391.89
2013/8/30,391.74
2013/9/3,390.83
2013/9/4,390.23
2013/9/5,388.93
2013/9/6,389.86
2013/9/9,390.25
2013/9/10,389.6
2013/9/11,390.37
2013/9/12,390.41
2013/9/13,390.62
2013/9/16,391.63
2013/9/17,391.41
2013/9/18,393.12
2013/9/19,392.67
2013/9/20,392.86
2013/9/23,393.29
2013/9/24,393.85
2013/9/25,394.21
2013/9/26,393.87
2013/9/27,394.19
2013/9/30,394.34
2013/10/1,393.98
2013/10/2,394.32
2013/10/3,394.41
2013/10/4,394.02
2013/10/7,394.16
2013/10/8,393.91
2013/10/9,393.69
2013/10/10,393.63
2013/10/11,393.78
2013/10/15,393.37
2013/10/16,394.16
2013/10/17,394.96
2013/10/18,395.03
2013/10/21,394.85
2013/10/22,395.78
2013/10/23,395.97
2013/10/24,395.73
2013/10/25,395.99
2013/10/28,395.87
2013/10/29,396.05
2013/10/30,395.73
2013/10/31,395.68
2013/11/1,394.95
2013/11/4,395.18
2013/11/5,394.58
2013/11/6,394.98
2013/11/7,395.44
2013/11/8,393.86
2013/11/12,393.61
2013/11/13,394.16
2013/11/14,394.88
2013/11/15,394.86
2013/11/18,395.36
2013/11/19,394.79
2013/11/20,394.12
2013/11/21,394.24
2013/11/22,394.62
2013/11/25,394.79
2013/11/26,395.12
2013/11/27,394.94
2013/11/29,394.89
2013/12/2,394.32
2013/12/3,394.58
2013/12/4,393.98
2013/12/5,393.63
2013/12/6,393.71
2013/12/9,393.8
2013/12/10,394.37
2013/12/11,393.85
2013/12/12,393.4
2013/12/13,393.56
2013/12/16,393.49
2013/12/17,393.92
2013/12/18,393.55
2013/12/19,392.97
2013/12/20,393.24
2013/12/23,392.86
2013/12/24,392.26
2013/12/26,392.12
2013/12/27,392.1
2013/12/30,392.54
2013/12/31,391.99
2014/1/2,392.46
2014/1/3,392.33
2014/1/6,392.72
2014/1/7,392.9
2014/1/8,392.15
2014/1/9,392.49
2014/1/10,393.82
2014/1/13,394.29
2014/1/14,393.7
2014/1/15,393.46
2014/1/16,393.93
2014/1/17,394.22
2014/1/21,394.08
2014/1/22,393.67
2014/1/23,394.81
2014/1/24,395.38
2014/1/27,394.92
2014/1/28,395.19
2014/1/29,395.89
2014/1/30,395.75
2014/1/31,396.3
2014/2/3,397.23
2014/2/4,396.72
2014/2/5,396.18
2014/2/6,395.85
2014/2/7,396.24
2014/2/10,396.32
2014/2/11,395.69
2014/2/12,395.26
2014/2/13,395.99
2014/2/14,395.92
2014/2/18,396.33
2014/2/19,396.01
2014/2/20,395.73
2014/2/21,395.97
2014/2/24,395.78
2014/2/25,396.37
2014/2/26,396.79
2014/2/27,397.09
2014/2/28,396.93
2014/3/3,397.63
2014/3/4,396.52
2014/3/5,396.62
2014/3/6,396.01
2014/3/7,395.29
2014/3/10,395.44
2014/3/11,395.59
2014/3/12,396.09
2014/3/13,397.05
2014/3/14,397.01
2014/3/17,396.43
2014/3/18,396.78
2014/3/19,395.23
2014/3/20,395.18
2014/3/21,395.5
2014/3/24,395.57
2014/3/25,395.48
2014/3/26,396.17
2014/3/27,396.29
2014/3/28,395.85
2014/3/31,395.96
2014/4/1,395.58
2014/4/2,394.96
2014/4/3,395.1
2014/4/4,396.01
2014/4/7,396.45
2014/4/8,396.63
2014/4/9,396.78
2014/4/10,397.44
2014/4/11,397.84
2014/4/14,397.48
2014/4/15,397.64
2014/4/16,397.38
2014/4/17,396.41
2014/4/21,396.55
2014/4/22,396.49
2014/4/23,396.91
2014/4/24,396.94
2014/4/25,397.15
2014/4/28,396.88
2014/4/29,396.94
2014/4/30,397.48
2014/5/1,397.96
2014/5/2,398.08
2014/5/5,398.1
2014/5/6,398.04
2014/5/7,398.18
2014/5/8,398.34
2014/5/9,398.26
2014/5/12,397.88
2014/5/13,398.46
2014/5/14,399.26
2014/5/15,399.76
2014/5/16,399.53
2014/5/19,399.38
2014/5/20,399.75
2014/5/21,399.43
2014/5/22,399.24
2014/5/23,399.51
2014/5/27,399.78
2014/5/28,400.63
2014/5/29,400.33
2014/5/30,400.15
2014/6/2,399.49
2014/6/3,398.74
2014/6/4,398.66
2014/6/5,398.91
2014/6/6,398.71
2014/6/9,398.42
2014/6/10,398.07
2014/6/11,398.26
2014/6/12,398.9
2014/6/13,398.57
2014/6/16,398.54
2014/6/17,397.89
2014/6/18,398.63
2014/6/19,398.26
2014/6/20,398.48
2014/6/23,398.32
2014/6/24,398.92
2014/6/25,399.16
2014/6/26,399.63
2014/6/27,399.64
2014/6/30,399.81
2014/7/1,399.28
2014/7/2,398.53
2014/7/3,398.22
2014/7/7,398.45
2014/7/8,399.1
2014/7/9,399.27
2014/7/10,399.57
2014/7/11,399.91
2014/7/14,399.54
2014/7/15,399.3
2014/7/16,399.43
2014/7/17,400.41
2014/7/18,400.02
2014/7/21,400.08
2014/7/22,400.33
2014/7/23,400.36
2014/7/24,399.69
2014/7/25,400.27
2014/7/28,400.07
2014/7/29,400.29
2014/7/30,399.27
2014/7/31,399.28
2014/8/1,400.34
2014/8/4,400.39
2014/8/5,400.45
2014/8/6,400.6
2014/8/7,401.28
2014/8/8,401.12
2014/8/11,401.09
2014/8/12,400.85
2014/8/13,401.41
2014/8/14,401.77
2014/8/15,402.37
2014/8/18,401.81
2014/8/19,401.65
2014/8/20,401.1
2014/8/21,401.4
2014/8/22,401.41
2014/8/25,401.48
2014/8/26,401.51
2014/8/27,401.95
2014/8/28,402.33
2014/8/29,402.37
2014/9/2,401.34
2014/9/3,401.59
2014/9/4,400.97
2014/9/5,401.11
2014/9/8,400.87
2014/9/9,400.51
2014/9/10,400.09
2014/9/11,399.95
2014/9/12,399.39
2014/9/15,399.7
2014/9/16,399.68
2014/9/17,399.18
2014/9/18,399.17
2014/9/19,399.75
2014/9/22,400.16
2014/9/23,400.49
2014/9/24,400.08
2014/9/25,400.92
2014/9/26,400.55
2014/9/29,401.06
2014/9/30,400.81
2014/10/1,402.34
2014/10/2,401.82
2014/10/3,401.71
2014/10/6,402.06
2014/10/7,403.1
2014/10/8,403.83
2014/10/9,403.51
2014/10/10,404.14
2014/10/14,405.44
2014/10/15,406.55
2014/10/16,406.05
2014/10/17,405.48
2014/10/20,405.82
2014/10/21,405.39
2014/10/22,405.32
2014/10/23,404.57
2014/10/24,404.67
2014/10/27,404.84
2014/10/28,404.43
2014/10/29,403.8
2014/10/30,403.98
2014/10/31,403.65
2014/11/3,403.55
2014/11/4,403.66
2014/11/5,403.65
2014/11/6,403.1
2014/11/7,404.19
2014/11/10,403.45
2014/11/12,403.42
2014/11/13,403.72
2014/11/14,404.1
2014/11/17,403.92
2014/11/18,404.13
2014/11/19,403.68
2014/11/20,404.01
2014/11/21,404.42
2014/11/24,404.56
2014/11/25,405.08
2014/11/26,405.38
2014/11/28,406.38
2014/12/1,405.79
2014/12/2,404.85
2014/12/3,404.85
2014/12/4,405.41
2014/12/5,404.28
2014/12/8,404.84
2014/12/9,405.42
2014/12/10,405.83
2014/12/11,405.96
2014/12/12,407.34
2014/12/15,406.79
2014/12/16,407.66
2014/12/17,406.51
2014/12/18,405.49
2014/12/19,405.96
2014/12/22,405.99
2014/12/23,404.58
2014/12/24,404.72
2014/12/26,404.94
2014/12/29,405.58
2014/12/30,405.95
2014/12/31,406.3
2015/1/2,407.08
2015/1/5,408.1
2015/1/6,409.44
2015/1/7,409.51
2015/1/8,408.82
2015/1/9,409.76
2015/1/12,410.47
2015/1/13,410.7
2015/1/14,411.51
2015/1/15,413.2
2015/1/16,411.81
2015/1/20,412.33
2015/1/21,411.52
2015/1/22,411.02
2015/1/23,412.15
2015/1/26,411.74
2015/1/27,412
2015/1/28,413.37
2015/1/29,412.85
2015/1/30,414.51
2015/2/2,414.2
2015/2/3,412.52
2015/2/4,412.79
2015/2/5,412.07
2015/2/6,409.72
2015/2/9,409.59
2015/2/10,409.08
2015/2/11,409.05
2015/2/12,409.18
2015/2/13,408.56
2015/2/17,407.32
2015/2/18,408.2
2015/2/19,407.73
2015/2/20,407.6
2015/2/23,408.48
2015/2/24,409.75
2015/2/25,410.04
2015/2/26,408.81
2015/2/27,409.51
2015/3/2,408.13
2015/3/3,407.7
2015/3/4,407.91
2015/3/5,408.04
2015/3/6,406.01
2015/3/9,406.82
2015/3/10,407.72
2015/3/11,408.09
2015/3/12,408.26
2015/3/13,408.08
2015/3/16,408.72
2015/3/17,409.08
2015/3/18,411.41
2015/3/19,410.45
2015/3/20,411.26
2015/3/23,411.41
2015/3/24,412.08
2015/3/25,411.36
2015/3/26,410.24
2015/3/27,411.09
2015/3/30,411.04
2015/3/31,411.52
2015/4/1,412.54
2015/4/2,411.85
2015/4/3,413.1
2015/4/6,412.15
2015/4/7,412.34
2015/4/8,412.2
2015/4/9,411.28
2015/4/10,411.27
2015/4/13,411.62
2015/4/14,412.2
2015/4/15,412.34
2015/4/16,412.39
2015/4/17,412.78
2015/4/20,412.29
2015/4/21,412
2015/4/22,410.78
2015/4/23,411.33
2015/4/24,412.02
2015/4/27,411.85
2015/4/28,410.82
2015/4/29,410.11
2015/4/30,410.15
2015/5/1,409
2015/5/4,408.57
2015/5/5,408.22
2015/5/6,407.2
2015/5/7,407.9
2015/5/8,408.78
2015/5/11,406.88
2015/5/12,407.09
2015/5/13,406.89
2015/5/14,407.54
2015/5/15,408.81
2015/5/18,407.56
2015/5/19,406.59
2015/5/20,407.03
2015/5/21,408.05
2015/5/22,407.63
2015/5/26,408.7
2015/5/27,408.78
2015/5/28,408.93
2015/5/29,409.22
2015/6/1,408.24
2015/6/2,407.15
2015/6/3,405.75
2015/6/4,406.64
2015/6/5,405.33
2015/6/8,405.61
2015/6/9,404.95
2015/6/10,404.24
2015/6/11,405.61
2015/6/12,405.59
2015/6/15,405.98
2015/6/16,406.63
2015/6/17,406.74
2015/6/18,406.59
2015/6/19,407.57
2015/6/22,405.96
2015/6/23,405.46
2015/6/24,406
2015/6/25,405.65
2015/6/26,404.86
2015/6/29,407.07
2015/6/30,406.65
2015/7/1,405.52
2015/7/2,406.31
2015/7/6,407.73
2015/7/7,408.36
2015/7/8,409.16
2015/7/9,407.68
2015/7/10,406.25
2015/7/13,405.71
2015/7/14,406.32
2015/7/15,407.07
2015/7/16,407.15
2015/7/17,407.19
2015/7/20,406.7
2015/7/21,407.25
2015/7/22,407.43
2015/7/23,408.3
2015/7/24,408.57
2015/7/27,409.3
2015/7/28,408.73
2015/7/29,408.37
2015/7/30,408.6
2015/7/31,409.76
2015/8/3,410.43
2015/8/4,409.22
2015/8/5,408.55
2015/8/6,409.25
2015/8/7,410
2015/8/10,409.2
2015/8/11,410.69
2015/8/12,410.54
2015/8/13,409.9
2015/8/14,409.79
2015/8/17,410.23
2015/8/18,409.8
2015/8/19,411.01
2015/8/20,411.58
2015/8/21,412.25
2015/8/24,412.7
2015/8/25,411.47
2015/8/26,410.1
2015/8/27,410.08
2015/8/28,409.98
2015/8/31,409.43
2015/9/1,410.2
2015/9/2,409.71
2015/9/3,410.22
2015/9/4,410.82
2015/9/8,409.71
2015/9/9,409.95
2015/9/10,409.54
2015/9/11,410.18
2015/9/14,410.31
2015/9/15,408.52
2015/9/16,408.34
2015/9/17,410.21
2015/9/18,411.19
2015/9/21,410.04
2015/9/22,411.12
2015/9/23,411
2015/9/24,411.48
2015/9/25,410.9
2015/9/28,412.14
2015/9/29,412.7
2015/9/30,412.66
2015/10/1,412.87
2015/10/2,413.97
2015/10/5,412.87
2015/10/6,413.2
2015/10/7,412.68
2015/10/8,412.11
2015/10/9,412.14
2015/10/13,413.1
2015/10/14,414.2
2015/10/15,413.53
2015/10/16,413.37
2015/10/19,413.31
2015/10/20,412.59
2015/10/21,413.3
2015/10/22,413.55
2015/10/23,412.51
2015/10/26,412.98
2015/10/27,413.42
2015/10/28,412.31
2015/10/29,411.22
2015/10/30,411.57
2015/11/2,411
2015/11/3,410.38
2015/11/4,409.99
2015/11/5,409.79
2015/11/6,408.32
2015/11/9,407.96
2015/11/10,408.41
2015/11/12,408.53
2015/11/13,409.27
2015/11/16,409.39
2015/11/17,409.39
2015/11/18,409.29
2015/11/19,409.75
2015/11/20,409.48
2015/11/23,409.65
2015/11/24,409.83
2015/11/25,409.92
2015/11/27,410.11
2015/11/30,410.21
2015/12/1,411.31
2015/12/2,410.9
2015/12/3,408.8
2015/12/4,409.49
2015/12/7,410.18
2015/12/8,410.26
2015/12/9,410.46
2015/12/10,410.17
2015/12/11,411.88
2015/12/14,410.46
2015/12/15,409.77
2015/12/16,409.25
2015/12/17,410.09
2015/12/18,410.86
2015/12/21,410.9
2015/12/22,410.25
2015/12/23,409.73
2015/12/24,410.06
2015/12/28,410.22
2015/12/29,408.88
2015/12/30,408.96
2015/12/31,409.58
2016/1/4,410.23
2016/1/5,410.03
2016/1/6,411.3
2016/1/7,411.78
2016/1/8,412.42
2016/1/11,411.74
2016/1/12,412.71
2016/1/13,413.66
2016/1/14,413.17
2016/1/15,414.57
2016/1/19,414.2
2016/1/20,415.3
2016/1/21,414.82
2016/1/22,414.28
2016/1/25,414.8
2016/1/26,415.02
2016/1/27,415.18
2016/1/28,415.48
2016/1/29,416.54
2016/2/1,416.05
2016/2/2,417.81
2016/2/3,417.53
2016/2/4,418.01
2016/2/5,418.08
2016/2/8,419.94
2016/2/9,420
2016/2/10,420.68
2016/2/11,421.4
2016/2/12,419.81
2016/2/16,419.05
2016/2/17,418.44
2016/2/18,419.57
2016/2/19,419.44
2016/2/22,419.25
2016/2/23,419.7
2016/2/24,419.66
2016/2/25,420.27
2016/2/26,419.1
2016/2/29,419.38
2016/3/1,417.66
2016/3/2,417.6
2016/3/3,417.82
2016/3/4,417.12
2016/3/7,416.73
2016/3/8,418.02
2016/3/9,417.25
2016/3/10,416.5
2016/3/11,415.68
2016/3/14,415.89
2016/3/15,415.88
2016/3/16,417.11
2016/3/17,417.38
2016/3/18,417.92
2016/3/21,417.18
2016/3/22,416.86
2016/3/23,417.96
2016/3/24,417.68
2016/3/28,417.97
2016/3/29,419.51
2016/3/30,419.27
2016/3/31,420.02
2016/4/1,420.02
2016/4/4,420.23
2016/4/5,421.21
2016/4/6,420.6
2016/4/7,421.87
2016/4/8,421.42
2016/4/11,421.35
2016/4/12,420.49
2016/4/13,420.6
2016/4/14,420.07
2016/4/15,420.93
2016/4/18,420.6
2016/4/19,420.2
2016/4/20,419.17
2016/4/21,418.65
2016/4/22,418.44
2016/4/25,418.08
2016/4/26,417.56
2016/4/27,418.71
2016/4/28,419.43
2016/4/29,419.59
2016/5/2,418.81
2016/5/3,420.1
2016/5/4,420.62
2016/5/5,421.24
2016/5/6,420.76
2016/5/9,421.27
2016/5/10,421.23
2016/5/11,421.54
2016/5/12,420.96
2016/5/13,421.75
2016/5/16,420.84
2016/5/17,420.61
2016/5/18,418.78
2016/5/19,419.18
2016/5/20,419.31
2016/5/23,419.38
2016/5/24,418.9
2016/5/25,418.71
2016/5/26,419.54
2016/5/27,419.13
2016/5/31,419.39
2016/6/1,419.43
2016/6/2,420.15
2016/6/3,422.26
2016/6/6,421.66
2016/6/7,422.03
2016/6/8,422.31
2016/6/9,422.81
2016/6/10,423.52
2016/6/13,424.15
2016/6/14,424.04
2016/6/15,424.82
2016/6/16,425.04
2016/6/17,424.5
2016/6/20,423.35
2016/6/21,422.89
2016/6/22,423.19
2016/6/23,422.08
2016/6/24,425.18
2016/6/27,427.42
2016/6/28,427.47
2016/6/29,426.59
2016/6/30,427.11
2016/7/1,427.79
2016/7/5,429.9
2016/7/6,429.45
2016/7/7,429.59
2016/7/8,429.95
2016/7/11,428.73
2016/7/12,427.19
2016/7/13,428.12
2016/7/14,426.87
2016/7/15,425.67
2016/7/18,425.87
2016/7/19,426.4
2016/7/20,425.88
2016/7/21,426.19
2016/7/22,426.14
2016/7/25,426.04
2016/7/26,426.18
2016/7/27,427.28
2016/7/28,427.35
2016/7/29,428.52
2016/8/1,427.73
2016/8/2,426.95
2016/8/3,426.9
2016/8/4,427.78
2016/8/5,426.05
2016/8/8,426.13
2016/8/9,426.92
2016/8/10,427.69
2016/8/11,426.17
2016/8/12,427.32
2016/8/15,426.58
2016/8/16,426.04
2016/8/17,426.43
2016/8/18,427
2016/8/19,426.11
2016/8/22,427.05
2016/8/23,426.93
2016/8/24,426.85
2016/8/25,426.39
2016/8/26,425.1
2016/8/29,426.68
2016/8/30,426.44
2016/8/31,426.53
2016/9/1,426.55
2016/9/2,425.94
2016/9/5,425.94
2016/9/6,427.17
2016/9/7,427.19
2016/9/8,425.48
2016/9/9,424.3
2016/9/12,424.52
2016/9/13,423.48
2016/9/14,423.93
2016/9/15,423.87
2016/9/16,424.24
2016/9/19,423.9
2016/9/20,424.23
2016/9/21,424.84
2016/9/22,425.55
2016/9/23,425.63
2016/9/26,426.45
2016/9/27,427.03
2016/9/28,426.83
2016/9/29,427.15
2016/9/30,426.06
2016/10/3,425.79
2016/10/4,424.56
2016/10/5,424.02
2016/10/6,423.36
2016/10/7,423.58
2016/10/10,423.58
2016/10/11,422.67
2016/10/12,422.75
2016/10/13,423.31
2016/10/14,422.25
2016/10/17,423.04
2016/10/18,423.41
2016/10/19,423.54
2016/10/20,423.45
2016/10/21,423.61
2016/10/24,423.18
2016/10/25,423.29
2016/10/26,422.69
2016/10/27,421.68
2016/10/28,421.68
2016/10/31,422.24
2016/11/1,422.34
2016/11/2,422.98
2016/11/3,422.57
2016/11/4,423.42
2016/11/7,422.38
2016/11/8,421.55
2016/11/9,417.52
2016/11/10,416.05
2016/11/11,416.05
2016/11/14,414.31
2016/11/15,414.42
2016/11/16,414.96
2016/11/17,413.73
2016/11/18,412.94
2016/11/21,413.16
2016/11/22,413.27
2016/11/23,412.47
2016/11/24,412.47
2016/11/25,412.64
2016/11/28,413.44
2016/11/29,413.73
2016/11/30,412.24
2016/12/1,411.25
2016/12/2,412.21
2016/12/5,412.13
2016/12/6,412.24
2016/12/7,413.07
2016/12/8,412.15
2016/12/9,410.9
2016/12/12,411.03
2016/12/13,411.12
2016/12/14,409.2
2016/12/15,408.94
2016/12/16,409.12
2016/12/19,410.27
2016/12/20,409.83
2016/12/21,410.31
2016/12/22,410.16
2016/12/23,410.31
2016/12/26,410.31
2016/12/27,409.96
2016/12/28,410.85
2016/12/29,411.58
2016/12/30,412.06
2017/1/2,412.06
2017/1/3,412.17
2017/1/4,412.47
2017/1/5,414.14
2017/1/6,412.91
2017/1/9,413.91
2017/1/10,413.85
2017/1/11,414.11
2017/1/12,414.18
2017/1/13,413.55
2017/1/16,413.55
2017/1/17,414.92
2017/1/18,413.15
2017/1/19,412.45
2017/1/20,412.61
2017/1/23,413.92
2017/1/24,412.96
2017/1/25,411.76
2017/1/26,412.2
2017/1/27,412.5
2017/1/30,412.38
2017/1/31,413.13
2017/2/1,412.61
2017/2/2,412.66
2017/2/3,412.71
2017/2/6,413.82
2017/2/7,414.28
2017/2/8,415.49
2017/2/9,414.16
2017/2/10,414
2017/2/13,413.62
2017/2/14,412.66
2017/2/15,412.07
2017/2/16,413.06
2017/2/17,413.73
2017/2/20,413.73
2017/2/21,413.59
2017/2/22,413.94
2017/2/23,414.5
2017/2/24,415.7
2017/2/27,414.81
2017/2/28,414.81
2017/3/1,412.82
2017/3/2,412.25
2017/3/3,412.5
2017/3/6,412.31
2017/3/7,411.84
2017/3/8,411.1
2017/3/9,410.33
2017/3/10,410.76
2017/3/13,410.17
2017/3/14,410.54
2017/3/15,412.41
2017/3/16,411.82
2017/3/17,412.44
2017/3/20,413.11
2017/3/21,414.02
2017/3/22,414.41
2017/3/23,414.22
2017/3/24,414.42
2017/3/27,415.03
2017/3/28,414.19
2017/3/29,414.97
2017/3/30,414.21
2017/3/31,414.69
2017/4/3,415.96
2017/4/4,415.46
2017/4/5,415.98
2017/4/6,415.81
2017/4/7,414.96
2017/4/10,415.47
2017/4/11,416.72
2017/4/12,417.46
2017/4/13,418.02
2017/4/17,417.72
2017/4/18,419.28
2017/4/19,418.58
2017/4/20,418.08
2017/4/21,418.2
2017/4/24,417.57
2017/4/25,416.24
2017/4/26,416.88
2017/4/27,417.05
2017/4/28,417.24
2017/5/1,416.5
2017/5/2,417.11
2017/5/3,416.72
2017/5/4,416.16
2017/5/5,416.23
2017/5/8,415.64
2017/5/9,415.48
2017/5/10,415.35
2017/5/11,415.52
2017/5/12,416.7
2017/5/15,416.46
2017/5/16,416.8
2017/5/17,418.78
2017/5/18,418.65
2017/5/19,418.68
2017/5/22,418.46
2017/5/23,417.66
2017/5/24,418.36
2017/5/25,418.4
2017/5/26,418.52
2017/5/30,419.18
2017/5/31,419.39
2017/6/1,419.29
2017/6/2,420.5
2017/6/5,419.9
2017/6/6,420.64
2017/6/7,420.04
2017/6/8,419.7
2017/6/9,419.4
2017/6/12,419.4
2017/6/13,419.41
2017/6/14,420.93
2017/6/15,420.52
2017/6/16,420.8
2017/6/19,420.25
2017/6/20,421.08
2017/6/21,421.18
2017/6/22,421.45
2017/6/23,421.47
2017/6/26,421.81
2017/6/27,420.56
2017/6/28,420.47
2017/6/29,419.61
2017/6/30,419.09
2017/7/3,418.31
2017/7/5,418.59
2017/7/6,417.95
2017/7/7,417.54
2017/7/10,417.86
2017/7/11,418.2
2017/7/12,419.03
2017/7/13,418.48
2017/7/14,418.8
2017/7/17,419.13
2017/7/18,420.06
2017/7/19,420.02
2017/7/20,420.21
2017/7/21,420.73
2017/7/24,420.36
2017/7/25,418.91
2017/7/26,419.61
2017/7/27,419.18
2017/7/28,419.73
2017/7/31,419.81
2017/8/1,420.56
2017/8/2,420.42
2017/8/3,421.48
2017/8/4,420.55
2017/8/7,420.74
2017/8/8,420.47
2017/8/9,420.99
2017/8/10,421.94
2017/8/11,422.26
2017/8/14,421.65
2017/8/15,420.93
2017/8/16,421.45
2017/8/17,422.37
2017/8/18,422.29
2017/8/21,422.61
2017/8/22,422.05
2017/8/23,422.95
2017/8/24,422.41
2017/8/25,422.8
2017/8/28,423.01
2017/8/29,423.56
2017/8/30,423.34
2017/8/31,423.73
2017/9/1,422.85
2017/9/5,424.87
2017/9/6,424.12
2017/9/7,425.39
2017/9/8,425.17
2017/9/11,423.7
2017/9/12,423.03
2017/9/13,422.55
2017/9/14,422.7
2017/9/15,422.51
2017/9/18,422.03
2017/9/19,421.76
2017/9/20,421.4
2017/9/21,421.23
2017/9/22,421.65
2017/9/25,422.46
2017/9/26,422.16
2017/9/27,420.77
2017/9/28,420.71
2017/9/29,420.48
2017/10/2,420.3
2017/10/3,420.6
2017/10/4,420.64
2017/10/5,420.15
2017/10/6,419.77
2017/10/10,420.29
2017/10/11,420.44
2017/10/12,420.81
2017/10/13,421.64
2017/10/16,421.21
2017/10/17,421.19
2017/10/18,420.5
2017/10/19,420.87
2017/10/20,419.63
2017/10/23,420
2017/10/24,419.27
2017/10/25,418.88
2017/10/26,418.48
2017/10/27,419.23
2017/10/30,420.31
2017/10/31,420.12
2017/11/1,420.36
2017/11/2,420.84
2017/11/3,421.1
2017/11/6,421.49
2017/11/7,421.69
2017/11/8,421.33
2017/11/9,421.2
2017/11/10,419.72
2017/11/13,419.76
2017/11/14,420.25
2017/11/15,421.31
2017/11/16,420.35
2017/11/17,420.92
2017/11/20,420.61
2017/11/21,420.67
2017/11/22,421.45
2017/11/24,421.11
2017/11/27,421.22
2017/11/28,421.3
2017/11/29,420.33
2017/11/30,419.66
2017/12/1,420.84
2017/12/4,420.68
2017/12/5,420.98
2017/12/6,421.5
2017/12/7,420.9
2017/12/8,420.77
2017/12/11,420.54
2017/12/12,420.4
2017/12/13,421.54
2017/12/14,421.57
2017/12/15,421.61
2017/12/18,420.92
2017/12/19,419.67
2017/12/20,418.72
2017/12/21,419.03
2017/12/22,419.09
2017/12/26,419.4
2017/12/27,420.68
2017/12/28,420.43
2017/12/29,420.85
2018/1/2,419.78
2018/1/3,420.1
2018/1/4,419.88
2018/1/5,419.55
2018/1/8,419.51
2018/1/9,418.24
2018/1/10,418.25
2018/1/11,418.5
2018/1/12,418.4
2018/1/16,418.71
2018/1/17,418.27
2018/1/18,417.41
2018/1/19,416.77
2018/1/22,416.82
2018/1/23,417.5
2018/1/24,416.94
2018/1/25,417.62
2018/1/26,416.82
2018/1/29,416.31
2018/1/30,415.74
2018/1/31,415.95
2018/2/1,414.54
2018/2/2,413.8
2018/2/5,415.69
2018/2/6,414.57
2018/2/7,413.63
2018/2/8,413.87
2018/2/9,413.45
2018/2/12,413.59
2018/2/13,413.97
2018/2/14,412.35
2018/2/15,412.52
2018/2/16,413.1
2018/2/20,412.75
2018/2/21,411.7
2018/2/22,412.15
2018/2/23,413.04
2018/2/26,413.28
2018/2/27,412.72
2018/2/28,413.33
2018/3/1,414.41
2018/3/2,413.41
2018/3/5,413.2
2018/3/6,413.23
2018/3/7,413.19
2018/3/8,413.71
2018/3/9,413.08
2018/3/12,413.75
2018/3/13,414.25
2018/3/14,414.9
2018/3/15,414.81
2018/3/16,414.37
2018/3/19,414.16
2018/3/20,413.57
2018/3/21,413.88
2018/3/22,414.94
2018/3/23,415.12
2018/3/26,414.56
2018/3/27,415.91
2018/3/28,415.94
2018/3/29,416.53
2018/4/2,416.84
2018/4/3,415.9
2018/4/4,415.71
2018/4/5,414.98
2018/4/6,416.29
2018/4/9,416.38
2018/4/10,415.97
2018/4/11,416.28
2018/4/12,415.29
2018/4/13,415.47
2018/4/16,415.4
2018/4/17,415.62
2018/4/18,414.56
2018/4/19,413.85
2018/4/20,413
2018/4/23,412.89
2018/4/24,412.58
2018/4/25,412.05
2018/4/26,412.74
2018/4/27,413.33
2018/4/30,413.61
2018/5/1,413.15
2018/5/2,413.22
2018/5/3,413.75
2018/5/4,413.83
2018/5/7,413.77
2018/5/8,413.5
2018/5/9,412.87
2018/5/10,413.48
2018/5/11,413.59
2018/5/14,413.14
2018/5/15,411.83
2018/5/16,411.37
2018/5/17,411.12
2018/5/18,412.12
2018/5/21,412.21
2018/5/22,412.13
2018/5/23,413.23
2018/5/24,413.97
2018/5/25,414.96
2018/5/29,418.02
2018/5/30,416.84
2018/5/31,416.62
2018/6/1,415.7
2018/6/4,414.79
2018/6/5,415.41
2018/6/6,414.39
2018/6/7,415.5
2018/6/8,415.14
2018/6/11,414.9
2018/6/12,414.79
2018/6/13,414.52
2018/6/14,415.3
2018/6/15,415.46
2018/6/18,415.58
2018/6/19,416.26
2018/6/20,415.37
2018/6/21,416.05
2018/6/22,416.08
2018/6/25,416.5
2018/6/26,416.64
2018/6/27,417.73
2018/6/28,417.56
2018/6/29,417.28
2018/7/2,417.09
2018/7/3,417.81
2018/7/5,417.81
2018/7/6,418.2
2018/7/9,417.58
2018/7/10,417.42
2018/7/11,417.91
2018/7/12,417.8
2018/7/13,418.25
2018/7/16,417.8
2018/7/17,417.57
2018/7/18,417.27
2018/7/19,418.04
2018/7/20,417.03
2018/7/23,415.75
2018/7/24,415.99
2018/7/25,415.75
2018/7/26,415.45
2018/7/27,415.76
2018/7/30,415.58
2018/7/31,415.98
2018/8/1,415.26
2018/8/2,415.55
2018/8/3,416.22
2018/8/6,416.38
2018/8/7,415.79
2018/8/8,415.94
2018/8/9,416.8
2018/8/10,417.88
2018/8/13,417.84
2018/8/14,417.49
2018/8/15,418.22
2018/8/16,418.09
2018/8/17,418.25
2018/8/20,419.17
2018/8/21,418.74
2018/8/22,419.27
2018/8/23,419.23
2018/8/24,419.36
2018/8/27,418.76
2018/8/28,418.13
2018/8/29,418.11
2018/8/30,418.56
2018/8/31,418.56
2018/9/4,417.97
2018/9/5,417.88
2018/9/6,418.34
2018/9/7,417.12
2018/9/10,417.4
2018/9/11,416.51
2018/9/12,416.74
2018/9/13,416.76
2018/9/14,416.2
2018/9/17,416.36
2018/9/18,415.25
2018/9/19,414.75
2018/9/20,415.02
2018/9/21,415.09
2018/9/24,414.86
2018/9/25,414.7
2018/9/26,415.51
2018/9/27,415.53
2018/9/28,415.53
2018/10/1,414.88
2018/10/2,415.58
2018/10/3,413.68
2018/10/4,412.97
2018/10/5,412.26
2018/10/9,412.9
2018/10/10,413.01
2018/10/11,414.07
2018/10/12,413.75
2018/10/15,413.87
2018/10/16,413.92
2018/10/17,413.23
2018/10/18,413.52
2018/10/19,413.17
2018/10/22,413.18
2018/10/23,413.76
2018/10/24,415.03
2018/10/25,414.4
2018/10/26,415.45
2018/10/29,415.35
2018/10/30,414.75
2018/10/31,414.11
2018/11/1,414.39
2018/11/2,412.92
2018/11/5,413.29
2018/11/6,413.04
2018/11/7,413
2018/11/8,412.71
2018/11/9,413.75
2018/11/13,414.73
2018/11/14,415.2
2018/11/15,415.28
2018/11/16,416.12
2018/11/19,416.65
2018/11/20,416.56
2018/11/21,416.46
2018/11/23,416.73
2018/11/26,416.42
2018/11/27,416.59
2018/11/28,416.43
2018/11/29,416.95
2018/11/30,417.37
2018/12/3,417.91
2018/12/4,419.37
2018/12/6,420.04
2018/12/7,420.69
2018/12/10,421.02
2018/12/11,420.6
2018/12/12,420.04
2018/12/13,420.08
2018/12/14,420.6
2018/12/17,421.48
2018/12/18,422.26
2018/12/19,423.32
2018/12/20,422.94
2018/12/21,423.15
2018/12/24,424.31
2018/12/26,422.77
2018/12/27,423.29
2018/12/28,424.59
2018/12/31,425.26
2019/1/2,425.96
2019/1/3,428.05
2019/1/4,425.97
2019/1/7,425.36
2019/1/8,424.76
2019/1/9,424.87
2019/1/10,424.46
2019/1/11,425.09
2019/1/14,424.97
2019/1/15,424.66
2019/1/16,424.63
2019/1/17,424.33
2019/1/18,423.55
2019/1/22,424.47
2019/1/23,424.43
2019/1/24,425.22
2019/1/25,424.6
2019/1/28,424.65
2019/1/29,425.38
2019/1/30,425.85
2019/1/31,427.02
2019/2/1,425.89
2019/2/4,425.38
2019/2/5,425.92
2019/2/6,426.11
2019/2/7,426.95
2019/2/8,427.44
2019/2/11,427
2019/2/12,426.66
2019/2/13,426.07
2019/2/14,427
2019/2/15,426.96
2019/2/19,427.52
2019/2/20,427.33
2019/2/21,426.38
2019/2/22,427.16
2019/2/25,426.93
2019/2/26,427.6
2019/2/27,426.56
2019/2/28,426
2019/3/1,424.94
2019/3/4,425.87
2019/3/5,426.03
2019/3/6,426.68
2019/3/7,427.63
2019/3/8,428.06
2019/3/11,427.79
2019/3/12,428.62
2019/3/13,428.48
2019/3/14,427.93
2019/3/15,428.69
2019/3/18,428.56
2019/3/19,428.32
2019/3/20,430.05
2019/3/21,430.03
2019/3/22,432.22
2019/3/25,432.87
2019/3/26,432.77
2019/3/27,433.76
2019/3/28,433.87
2019/3/29,433.57
2019/4/1,431.72
2019/4/2,432.14
2019/4/3,431.19
2019/4/4,431.47
2019/4/5,431.59
2019/4/8,431.27
2019/4/9,431.71
2019/4/10,432.19
2019/4/11,431.46
2019/4/12,430.34
2019/4/15,430.74
2019/4/16,429.97
2019/4/17,430
2019/4/18,430.81
2019/4/22,430.34
2019/4/23,430.78
2019/4/24,431.85
2019/4/25,431.6
2019/4/26,432.29
2019/4/29,431.75
2019/4/30,432.42
2019/5/1,432.43
2019/5/2,431.65
2019/5/3,432.02
2019/5/6,432.69
2019/5/7,433.64
2019/5/8,433.09
2019/5/9,433.76
2019/5/10,433.57
2019/5/13,435.1
2019/5/14,434.74
2019/5/15,435.66
2019/5/16,435.13
2019/5/17,435.34
2019/5/20,434.97
2019/5/21,434.56
2019/5/22,435.41
2019/5/23,437.09
2019/5/24,437.04
2019/5/28,438.22
2019/5/29,438.38
2019/5/30,439.49
2019/5/31,441.58
2019/6/3,443.03
2019/6/4,441.78
2019/6/5,441.61
2019/6/6,441.56
2019/6/7,442.76
2019/6/10,441.47
2019/6/11,441.43
2019/6/12,441.98
2019/6/13,442.65
2019/6/14,442.85
2019/6/17,442.9
2019/6/18,443.42
2019/6/19,444.33
2019/6/20,444.74
2019/6/21,443.52
2019/6/24,444.65
2019/6/25,445.09
2019/6/26,443.92
2019/6/27,444.77
2019/6/28,444.87
2019/7/1,444.5
2019/7/2,445.44
2019/7/3,446.07
2019/7/5,444.04
2019/7/8,443.95
2019/7/9,443.74
2019/7/10,443.95
2019/7/11,442.38
2019/7/12,442.65
2019/7/15,443.38
2019/7/16,442.79
2019/7/17,444.24
2019/7/18,444.8
2019/7/19,444.24
2019/7/22,444.45
2019/7/23,443.89
2019/7/24,444.31
2019/7/25,443.63
2019/7/26,443.76
2019/7/29,443.99
2019/7/30,444.22
2019/7/31,444.86
2019/8/1,448.08
2019/8/2,448.91
2019/8/5,451.69
2019/8/6,452.42
2019/8/7,452.52
2019/8/8,452.54
2019/8/9,452.09
2019/8/12,454.55
2019/8/13,453.47
2019/8/14,456.05
2019/8/15,458.03
2019/8/16,457.23
2019/8/19,455.48
2019/8/20,456.89
2019/8/21,455.85
2019/8/22,454.99
2019/8/23,457.29
2019/8/26,456.84
2019/8/27,458.52
2019/8/28,458.72
2019/8/29,458.06
2019/8/30,458.2
2019/9/3,458.8
2019/9/4,459.35
2019/9/5,456.6
2019/9/6,457.21
2019/9/9,455.11
2019/9/10,452.65
2019/9/11,452.4
2019/9/12,451.52
2019/9/13,448.63
2019/9/16,450.2
2019/9/17,451.02
2019/9/18,451.28
2019/9/19,451.48
2019/9/20,453.21
2019/9/23,453.58
2019/9/24,455.29
2019/9/25,453.13
2019/9/26,453.91
2019/9/27,454.39
2019/9/30,454.81
2019/10/1,455.73
2019/10/2,456.6
2019/10/3,458.3
2019/10/4,458.96
2019/10/7,457.8
2019/10/8,458.43
2019/10/9,457.56
2019/10/10,455.48
2019/10/11,453.59
2019/10/15,452.96
2019/10/16,453.47
2019/10/17,453.21
2019/10/18,453.44
2019/10/21,452.38
2019/10/22,453.07
2019/10/23,453.16
2019/10/24,453.03
2019/10/25,452.28
2019/10/28,451.31
2019/10/29,451.44
2019/10/30,453.07
2019/10/31,455.11
2019/11/1,454.52
2019/11/4,453
2019/11/5,451.45
2019/11/6,452.33
2019/11/7,449.85
2019/11/8,449.39
2019/11/12,450.1
2019/11/13,450.98
2019/11/14,452.42
2019/11/15,452.11
2019/11/18,452.62
2019/11/19,453.3
2019/11/20,454.56
2019/11/21,453.75
2019/11/22,453.73
2019/11/25,454.07
2019/11/26,454.77
2019/11/27,454.07
2019/11/29,454.03
2019/12/2,452.79
2019/12/3,455.5
2019/12/4,454.21
2019/12/5,453.57
2019/12/6,452.69
2019/12/9,453
2019/12/10,452.72
2019/12/11,453.84
2019/12/12,451.61
2019/12/13,453.32
2019/12/16,452.12
2019/12/17,452.11
2019/12/18,451.26
2019/12/19,451.49
2019/12/20,451.54
2019/12/23,451.28
2019/12/24,451.93
2019/12/26,452.14
2019/12/27,452.64
2019/12/30,452.49
2019/12/31,451.62
2020/1/2,452.76
2020/1/3,454.69
2020/1/6,454.21
2020/1/7,453.73
2020/1/8,452.94
2020/1/9,453.17
2020/1/10,454.04
2020/1/13,453.7
2020/1/14,454.37
2020/1/15,455.17
2020/1/16,454.69
2020/1/17,454.03
2020/1/21,455.48
2020/1/22,455.77
2020/1/23,456.59
2020/1/24,457.65
2020/1/27,459.78
2020/1/28,458.74
2020/1/29,460.19
2020/1/30,460.33
2020/1/31,461.89
2020/2/3,461.66
2020/2/4,459.77
2020/2/5,458.41
2020/2/6,458.79
2020/2/7,460.32
2020/2/10,460.95
2020/2/11,460.18
2020/2/12,459.46
2020/2/13,459.81
2020/2/14,460.34
2020/2/18,461.29
2020/2/19,461.21
2020/2/20,462.26
2020/2/21,463.57
2020/2/24,466.13
2020/2/25,467.16
2020/2/26,466.74
2020/2/27,468.5
2020/2/28,472.45
2020/3/2,471.52
2020/3/3,475.23
2020/3/4,474.32
2020/3/5,477.44
2020/3/6,482.67
2020/3/9,486.31
2020/3/10,479.47
2020/3/11,478.05
2020/3/12,476.77
2020/3/13,473.71
2020/3/16,481.1
2020/3/17,473.05
2020/3/18,468.06
2020/3/19,468.7
2020/3/20,477.15
2020/3/23,482.44
2020/3/24,480.73
2020/3/25,480.57
2020/3/26,481.77
2020/3/27,485.1
2020/3/30,484.56
2020/3/31,484.34
2020/4/1,485.89
2020/4/2,486.4
2020/4/3,486.74
2020/4/6,485.67
2020/4/7,484.88
2020/4/8,484.04
2020/4/9,484.66
2020/4/13,483.77
2020/4/14,484.15
2020/4/15,487.36
2020/4/16,488.41
2020/4/17,486.86
2020/4/20,487.91
2020/4/21,489.28
2020/4/22,488
2020/4/23,488.56
2020/4/24,488.8
2020/4/27,486.65
2020/4/28,488.2
2020/4/29,487.82
2020/4/30,486.75
2020/5/1,487.37
2020/5/4,487.16
2020/5/5,486.55
2020/5/6,484.95
2020/5/7,487.28
2020/5/8,485.8
2020/5/11,484.77
2020/5/12,486
2020/5/13,486.8
2020/5/14,487.8
2020/5/15,487.48
2020/5/18,484.91
2020/5/19,485.64
2020/5/20,485.84
2020/5/21,486.15
2020/5/22,486.6
2020/5/26,485.5
2020/5/27,485.37
2020/5/28,485.03
2020/5/29,485.95
2020/6/1,485.41
2020/6/2,484.91
2020/6/3,483.09
2020/6/4,481.5
2020/6/5,480.22
2020/6/8,480.63
2020/6/9,482.11
2020/6/10,484.29
2020/6/11,486.04
2020/6/12,485
2020/6/15,485.05
2020/6/16,483.65
2020/6/17,484.05
2020/6/18,485.12
2020/6/19,485.18
2020/6/22,485.18
2020/6/23,484.63
2020/6/24,485.76
2020/6/25,485.95
2020/6/26,487.19
2020/6/29,487.17
2020/6/30,486.62
2020/7/1,486.2
2020/7/2,486.5
2020/7/6,486
2020/7/7,487.49
2020/7/8,487.02
2020/7/9,488.66
2020/7/10,487.93
2020/7/13,488.41
2020/7/14,488.49
2020/7/15,488.11
2020/7/16,488.64
2020/7/17,488.4
2020/7/20,488.69
2020/7/21,488.9
2020/7/22,489.14
2020/7/23,490.18
2020/7/24,490.16
2020/7/27,489.63
2020/7/28,490.58
2020/7/29,490.67
2020/7/30,491.48
2020/7/31,491.48
2020/8/3,491.1
2020/8/4,492.26
2020/8/5,491.11
2020/8/6,491.66
2020/8/7,490.81
2020/8/10,490.37
2020/8/11,488.88
2020/8/12,487.75
2020/8/13,486.56
2020/8/14,486.38
2020/8/17,486.8
2020/8/18,487.61
2020/8/19,486.96
2020/8/20,487.99
2020/8/21,488.5
2020/8/24,488.15
2020/8/25,487.35
2020/8/26,487.01
2020/8/27,485.25
2020/8/28,485.5
2020/8/31,486.18
2020/9/1,487.49
2020/9/2,488.38
2020/9/3,488.79
2020/9/4,486.38
2020/9/8,487.26
2020/9/9,486.97
2020/9/10,487.52
2020/9/11,487.84
2020/9/14,487.79
2020/9/15,487.57
2020/9/16,487.26
2020/9/17,487.54
2020/9/18,487.1
2020/9/21,487.74
2020/9/22,487.72
2020/9/23,487.86
2020/9/24,488.2
2020/9/25,488.29
2020/9/28,488.1
2020/9/29,488.28
2020/9/30,487.2
2020/10/1,487.42
2020/10/2,486.91
2020/10/5,484.59
2020/10/6,485.27
2020/10/7,484.3
2020/10/8,485.02
2020/10/9,484.78
2020/10/13,486.17
2020/10/14,486.38
2020/10/15,486.16
2020/10/16,485.8
2020/10/19,485.34
2020/10/20,484.38
2020/10/21,483.92
2020/10/22,482.66
2020/10/23,483.27
2020/10/26,484.4
2020/10/27,485.2
2020/10/28,485.31
2020/10/29,484.05
2020/10/30,482.91
2020/11/2,483.63
2020/11/3,482.94
2020/11/4,485.65
2020/11/5,485.83
2020/11/6,484.35
2020/11/9,481.73
2020/11/10,480.94
2020/11/12,483.39
2020/11/13,483.1
2020/11/16,482.89
2020/11/17,483.74
2020/11/18,483.91
2020/11/19,484.48
2020/11/20,485.4
2020/11/23,484.87
2020/11/24,483.96
2020/11/25,483.74
2020/11/27,484.78
2020/11/30,484.75
2020/12/1,482.88
2020/12/2,482.07
2020/12/3,483.1
2020/12/4,481.4
2020/12/7,482.58
2020/12/8,483.05
2020/12/9,482.6
2020/12/10,483.67
2020/12/11,484.25
2020/12/14,484.03
2020/12/15,483.65
2020/12/16,483.36
2020/12/17,483.01
2020/12/18,482.7
2020/12/21,483.12
2020/12/22,483.73
2020/12/23,482.98
2020/12/24,483.42
2020/12/28,483.48
2020/12/29,483.39
2020/12/30,483.62
2020/12/31,483.85
2021/1/4,483.9
2021/1/5,483.01
2021/1/6,480.61
2021/1/7,479.51
2021/1/8,478.88
2021/1/11,478.55
2021/1/12,478.49
2021/1/13,479.7
2021/1/14,478.81
2021/1/15,479.43
2021/1/19,479.87
2021/1/20,479.96
2021/1/21,479.35
2021/1/22,479.68
2021/1/25,481.05
2021/1/26,480.9
2021/1/27,481.25
2021/1/28,480.53
2021/1/29,479.98
2021/2/1,480.2
2021/2/2,479.41
2021/2/3,478.42
2021/2/4,478.21
2021/2/5,477.34
2021/2/8,477.67
2021/2/9,477.78
2021/2/10,478.6
2021/2/11,478.09
2021/2/12,476.72
2021/2/16,474.75
2021/2/17,475.28
2021/2/18,475.07
2021/2/19,473.61
2021/2/22,472.87
2021/2/23,472.81
2021/2/24,472.06
2021/2/25,468.51
2021/2/26,472.27
2021/3/1,471.27
2021/3/2,471.64
2021/3/3,470.1
2021/3/4,469.03
2021/3/5,468.92
2021/3/8,467.76
2021/3/9,469.24
2021/3/10,469.71
2021/3/11,469.27
2021/3/12,466.83
2021/3/15,467.41
2021/3/16,467.22
2021/3/17,466.78
2021/3/18,465.34
2021/3/19,465.63
2021/3/22,466.79
2021/3/23,468
2021/3/24,468.53
2021/3/25,467.97
2021/3/26,467.25
2021/3/29,466.33
2021/3/30,466.54
2021/3/31,466.01
2021/4/1,467.38
2021/4/2,466.43
2021/4/5,466.76
2021/4/6,467.96
2021/4/7,467.47
2021/4/8,468.44
2021/4/9,467.84
2021/4/12,467.67
2021/4/13,468.7
2021/4/14,468.34
2021/4/15,470.2
2021/4/16,469.33
2021/4/19,469.15
2021/4/20,469.91
2021/4/21,470.08
2021/4/22,470.41
2021/4/23,470.04
2021/4/26,469.84
2021/4/27,468.77
2021/4/28,469.09
2021/4/29,468.73
2021/4/30,469.05
2021/5/3,469.32
2021/5/4,469.91
2021/5/5,470.26
2021/5/6,470.4
2021/5/7,470.27
2021/5/10,469.38
2021/5/11,468.77
2021/5/12,467.33
2021/5/13,467.84
2021/5/14,468.65
2021/5/17,468.39
2021/5/18,468.32
2021/5/19,467.7
2021/5/20,468.83
2021/5/21,468.99
2021/5/24,469.45
2021/5/25,470.65
2021/5/26,470.39
2021/5/27,470.19
2021/5/28,470.01
2021/6/1,469.77
2021/6/2,470.05
2021/6/3,469.34
2021/6/4,471.03
2021/6/7,470.74
2021/6/8,471.57
2021/6/9,472.57
2021/6/10,473.43
2021/6/11,473.01
2021/6/14,472.02
2021/6/15,471.95
2021/6/16,470.63
2021/6/17,472.03
2021/6/18,473.66
2021/6/21,472.24
2021/6/22,472.75
2021/6/23,472.22
2021/6/24,472.29
2021/6/25,471.28
2021/6/28,472.46
2021/6/29,472.66
2021/6/30,473.14
2021/7/1,473.02
2021/7/2,473.85
2021/7/6,475.07
2021/7/7,476.63
2021/7/8,477.42
2021/7/9,475.67
2021/7/12,475.48
2021/7/13,474.33
2021/7/14,475.87
2021/7/15,477.08
2021/7/16,476.86
2021/7/19,479.68
2021/7/20,478.99
2021/7/21,477.28
2021/7/22,478.34
2021/7/23,477.66
2021/7/26,477.39
2021/7/27,478.66
2021/7/28,478.78
2021/7/29,477.96
2021/7/30,478.77
2021/8/2,480.08
2021/8/3,480.18
2021/8/4,480.19
2021/8/5,479.16
2021/8/6,477.07
2021/8/9,476.54
2021/8/10,475.88
2021/8/11,476.03
2021/8/12,475.77
2021/8/13,477.54
2021/8/16,478.13
2021/8/17,478
2021/8/18,478.15
2021/8/19,478.92
2021/8/20,478.77
2021/8/23,478.87
2021/8/24,477.96
2021/8/25,476.85
2021/8/26,477.09
2021/8/27,478.04
2021/8/30,478.65
2021/8/31,478.04
2021/9/1,478.1
2021/9/2,478.54
2021/9/3,477.59
2021/9/7,476.54
2021/9/8,477.28
2021/9/9,478.57
2021/9/10,477.5
2021/9/13,478.18
2021/9/14,479.47
2021/9/15,478.99
2021/9/16,478.17
2021/9/17,477.34
2021/9/20,478.99
2021/9/21,478.86
2021/9/22,479.16
2021/9/23,476.28
2021/9/24,475.13
2021/9/27,474.48
2021/9/28,472.9
2021/9/29,473.32
2021/9/30,473.48
2021/10/1,474.65
2021/10/4,474.33
2021/10/5,473.2
2021/10/6,473.56
2021/10/7,472.23
2021/10/8,471.35
2021/10/12,472.49
2021/10/13,473.25
2021/10/14,473.81
2021/10/15,472.54
2021/10/18,472.5
2021/10/19,471.27
2021/10/20,470.78
2021/10/21,470
2021/10/22,471
2021/10/25,471.23
2021/10/26,471.87
2021/10/27,473.75
2021/10/28,472.98
2021/10/29,473.13
2021/11/1,472.74
2021/11/2,473.62
2021/11/3,472.48
2021/11/4,474.16
2021/11/5,475.94
2021/11/8,475.02
2021/11/9,476.66
2021/11/10,473.53
2021/11/12,472.97
2021/11/15,471.53
2021/11/16,471.32
2021/11/17,472.39
2021/11/18,472.79
2021/11/19,473.71
2021/11/22,471.59
2021/11/23,470.08
2021/11/24,471.43
2021/11/26,475.59
2021/11/29,474.7
2021/11/30,476.35
2021/12/1,476.91
2021/12/2,476.34
2021/12/3,478.03
2021/12/6,476.25
2021/12/7,474.93
2021/12/8,473.35
2021/12/9,473.99
2021/12/10,473.95
2021/12/13,475.7
2021/12/14,475.18
2021/12/15,474.3
2021/12/16,474.98
2021/12/17,475.96
2021/12/20,475.54
2021/12/21,474.53
2021/12/22,474.98
2021/12/23,473.9
2021/12/27,474.08
2021/12/28,473.83
2021/12/29,472.45
2021/12/30,473.54
2021/12/31,473.6
2022/1/3,470.35
2022/1/4,470.07
2022/1/5,468.85
2022/1/6,468.41
2022/1/7,467.45
2022/1/10,467.42
2022/1/11,468.19
2022/1/12,467.94
2022/1/13,469.03
2022/1/14,466.76
2022/1/18,464.4
2022/1/19,465.35
2022/1/20,466.01
2022/1/21,467.69
2022/1/24,467.21
2022/1/25,466.78
2022/1/26,464.56
2022/1/27,466.11
2022/1/28,466.51
2022/1/31,466.2
2022/2/1,465.78
2022/2/2,466.41
2022/2/3,465.18
2022/2/4,462.5
2022/2/7,462.7
2022/2/8,461.55
2022/2/9,461.71
2022/2/10,458.13
2022/2/11,461.18
2022/2/14,459.01
2022/2/15,457.97
2022/2/16,458.95
2022/2/17,460.29
2022/2/18,461.43
2022/2/22,461.4
2022/2/23,459.62
2022/2/24,460.19
2022/2/25,460.06
2022/2/28,463.42
2022/3/1,466.21
2022/3/2,460.9
2022/3/3,462.22
2022/3/4,464.87
2022/3/7,463.6
2022/3/8,461.55
2022/3/9,459.94
2022/3/10,458.26
2022/3/11,458.26
2022/3/14,454.61
2022/3/15,454.47
2022/3/16,454.59
2022/3/17,453.73
2022/3/18,454.8
2022/3/21,450.84
2022/3/22,449.22
2022/3/23,451.69
2022/3/24,450.39
2022/3/25,447.44
2022/3/28,448.08
2022/3/29,449.32
2022/3/30,450.44
2022/3/31,450.7
2022/4/1,449.59
2022/4/4,449.37
2022/4/5,446.01
2022/4/6,445.27
2022/4/7,444.75
2022/4/8,443.1
2022/4/11,441.78
2022/4/12,442.97
2022/4/13,443.4
2022/4/14,440.61
2022/4/18,440.09
2022/4/19,438.25
2022/4/20,440.43
2022/4/21,438.88
2022/4/22,438.59
2022/4/25,440.22
2022/4/26,442.1
2022/4/27,440.63
2022/4/28,440.27
2022/4/29,438.46
2022/5/2,436.53
2022/5/3,436.92
2022/5/4,438.56
2022/5/5,435.59
2022/5/6,433.96
2022/5/9,436
2022/5/10,436.75
2022/5/11,438.44
2022/5/12,439.05
2022/5/13,437.46
2022/5/16,438.14
2022/5/17,435.94
2022/5/18,438.08
2022/5/19,438.91
2022/5/20,440.26
2022/5/23,438.45
2022/5/24,441.24
2022/5/25,441.87
2022/5/26,441.59
2022/5/27,441.71
2022/5/31,439.24
2022/6/1,437.94
2022/6/2,438.15
2022/6/3,437.69
2022/6/6,435.44
2022/6/7,436.53
2022/6/8,435.47
2022/6/9,435.35
2022/6/10,432.76
2022/6/13,427.78
2022/6/14,425.76
2022/6/15,429.23
2022/6/16,430.66
2022/6/17,430.73
2022/6/21,429.16
2022/6/22,432.77
2022/6/23,434.19
2022/6/24,432.87
2022/6/27,431.59
2022/6/28,431.94
2022/6/29,434.03
2022/6/30,435.75
2022/7/1,438.25
2022/7/5,439.45
2022/7/6,436.8
2022/7/7,435.32
2022/7/8,433.69
2022/7/11,435.8
2022/7/12,436.49
2022/7/13,437.21
2022/7/14,435.93
2022/7/15,436.83
2022/7/18,435.83
2022/7/19,434.68
2022/7/20,434.75
2022/7/21,437.75
2022/7/22,440.73
2022/7/25,439.53
2022/7/26,439.55
2022/7/27,439.84
2022/7/28,441.97
2022/7/29,441.87
2022/8/1,443.98
2022/8/2,440.17
2022/8/3,441.64
2022/8/4,442.54
2022/8/5,438.37
2022/8/8,440.11
2022/8/9,439.31
2022/8/10,439.21
2022/8/11,437
2022/8/12,438.05
2022/8/15,438.68
2022/8/16,438.6
2022/8/17,436.82
2022/8/18,437.37
2022/8/19,435.44
2022/8/22,434.42
2022/8/23,433.95
2022/8/24,432.86
2022/8/25,434.47
2022/8/26,434.66
2022/8/29,433.37
2022/8/30,433.48
2022/8/31,432.31
2022/9/1,430.13
2022/9/2,431.66
2022/9/6,428.62
2022/9/7,430.56
2022/9/8,429.34
2022/9/9,429.14
2022/9/12,428.51
2022/9/13,427.21
2022/9/14,427.09
2022/9/15,426.34
2022/9/16,426.19
2022/9/19,425.74
2022/9/20,424.45
2022/9/21,425.55
2022/9/22,421.98
2022/9/23,421.92
2022/9/26,418.56
2022/9/27,416.39
2022/9/28,421.58
2022/9/29,420.46
2022/9/30,419.32
2022/10/3,421.94
2022/10/4,422.19
2022/10/5,420.43
2022/10/6,419.19
2022/10/7,417.81
2022/10/11,416.94
2022/10/12,417.84
2022/10/13,416.01
2022/10/14,415.01
2022/10/17,415.14
2022/10/18,415.78
2022/10/19,413.2
2022/10/20,411.28
2022/10/21,411.23
2022/10/24,410.77
2022/10/25,413.66
2022/10/26,415.11
2022/10/27,416.87
2022/10/28,415.52
2022/10/31,414.34
2022/11/1,414.7
2022/11/2,414.18
2022/11/3,412.96
2022/11/4,412.25
2022/11/7,411.21
2022/11/8,412.73
2022/11/9,413.56
2022/11/10,419.31
2022/11/14,418.44
2022/11/15,420.39
2022/11/16,422.43
2022/11/17,420.75
2022/11/18,419.77
2022/11/21,419.94
2022/11/22,421.31
2022/11/23,422.95
2022/11/25,423.27
2022/11/28,423.25
2022/11/29,422.15
2022/11/30,424.03
2022/12/1,427.6
2022/12/2,428.55
2022/12/5,426.09
2022/12/6,427.63
2022/12/7,430.44
2022/12/8,429.3
2022/12/9,427.09
2022/12/12,426.96
2022/12/13,429.18
2022/12/14,429.95
2022/12/15,430.31
2022/12/16,429.64
2022/12/19,427.61
2022/12/20,425.79
2022/12/21,426.18
2022/12/22,425.93
2022/12/23,424.43
2022/12/27,422.35
2022/12/28,421.81
2022/12/29,422.85
2022/12/30,421.61
2023/1/3,423.71
2023/1/4,425.49
2023/1/5,425.19
2023/1/6,428.56
2023/1/9,429.5
2023/1/10,427.79
2023/1/11,429.57
2023/1/12,432.15
2023/1/13,430.81
2023/1/17,430.42
2023/1/18,433.88
2023/1/19,433.1
2023/1/20,431.19
2023/1/23,430.33
2023/1/24,431.91
2023/1/25,432.31
2023/1/26,431.39
2023/1/27,431.1
2023/1/30,430.38
2023/1/31,431.69
2023/2/1,433.78
2023/2/2,433.85
2023/2/3,430.94
2023/2/6,428.82
2023/2/7,428.2
2023/2/8,428.93
2023/2/9,427.63
2023/2/10,426.34
2023/2/13,427.17
2023/2/14,426.01
2023/2/15,425.17
2023/2/16,423.89
2023/2/17,424.91
2023/2/21,422.25
2023/2/22,423.05
2023/2/23,424.05
2023/2/24,422.15
2023/2/27,422.87
2023/2/28,423.15
2023/3/1,421.35
2023/3/2,420.31
2023/3/3,422.63
2023/3/6,422.06
2023/3/7,421.83
2023/3/8,421.73
2023/3/9,423.33
2023/3/10,428.56
2023/3/13,432.47
2023/3/14,429.55
2023/3/15,433.78
2023/3/16,431.22
2023/3/17,434.67
2023/3/20,433.33
2023/3/21,430.95
2023/3/22,434.32
2023/3/23,435.71
2023/3/24,436.05
2023/3/27,432.53
2023/3/28,432.16
2023/3/29,431.72
2023/3/30,432.12
2023/3/31,433.99
2023/4/3,435.28
2023/4/4,437.03
2023/4/5,438.19
2023/4/6,438.37
2023/4/7,436.04
2023/4/10,435.69
2023/4/11,435.65
2023/4/12,436.25
2023/4/13,435.48
2023/4/14,433.78
2023/4/17,432.1
2023/4/18,432.44
2023/4/19,431.99
2023/4/20,433.53
2023/4/21,432.9
2023/4/24,434.34
2023/4/25,437.37
2023/4/26,436.06
2023/4/27,434
2023/4/28,436.18
2023/5/1,432.71
2023/5/2,436.39
2023/5/3,438.16
2023/5/4,437.94
2023/5/5,436.47
,
,
,
,
,
,
,
,
,
