Effective date ,S&P GSCI Agriculture TR,,,,,,,,
2013/4/30,711.26,,,,,,,,
2013/5/1,702.11,,,,,,,,
2013/5/2,712.43,,,,,,,,
2013/5/3,711.79,,,,,,,,
2013/5/6,698.32,,,,,,,,
2013/5/7,701.55,,,,,,,,
2013/5/8,699.27,,,,,,,,
2013/5/9,711.83,,,,,,,,
2013/5/10,699.46,,,,,,,,
2013/5/13,708.98,,,,,,,,
2013/5/14,707.18,,,,,,,,
2013/5/15,700.63,,,,,,,,
2013/5/16,696.01,,,,,,,,
2013/5/17,700.45,,,,,,,,
2013/5/20,700.58,,,,,,,,
2013/5/21,695.99,,,,,,,,
2013/5/22,703.8,,,,,,,,
2013/5/23,708.91,,,,,,,,
2013/5/24,702.85,,,,,,,,
2013/5/28,707.3,,,,,,,,
2013/5/29,707.92,,,,,,,,
2013/5/30,701.92,,,,,,,,
2013/5/31,706.95,,,,,,,,
2013/6/3,709.6,,,,,,,,
2013/6/4,711.94,,,,,,,,
2013/6/5,709.77,,,,,,,,
2013/6/6,710.99,,,,,,,,
2013/6/7,710.93,,,,,,,,
2013/6/10,703.23,,,,,,,,
2013/6/11,709.48,,,,,,,,
2013/6/12,702.03,,,,,,,,
2013/6/13,699.82,,,,,,,,
2013/6/14,700.35,,,,,,,,
2013/6/17,701.51,,,,,,,,
2013/6/18,705.81,,,,,,,,
2013/6/19,721.83,,,,,,,,
2013/6/20,708.37,,,,,,,,
2013/6/21,705.02,,,,,,,,
2013/6/24,695.46,,,,,,,,
2013/6/25,696.21,,,,,,,,
2013/6/26,691.53,,,,,,,,
2013/6/27,689.29,,,,,,,,
2013/6/28,672.97,,,,,,,,
2013/7/1,665.91,,,,,,,,
2013/7/2,666.66,,,,,,,,
2013/7/3,668.81,,,,,,,,
2013/7/5,661.33,,,,,,,,
2013/7/8,668.12,,,,,,,,
2013/7/9,681.68,,,,,,,,
2013/7/10,683.83,,,,,,,,
2013/7/11,686.68,,,,,,,,
2013/7/12,676.49,,,,,,,,
2013/7/15,671.82,,,,,,,,
2013/7/16,677.25,,,,,,,,
2013/7/17,673.75,,,,,,,,
2013/7/18,673.14,,,,,,,,
2013/7/19,676.5,,,,,,,,
2013/7/22,676.39,,,,,,,,
2013/7/23,664.98,,,,,,,,
2013/7/24,657.4,,,,,,,,
2013/7/25,650.37,,,,,,,,
2013/7/26,648.72,,,,,,,,
2013/7/29,648.21,,,,,,,,
2013/7/30,650.17,,,,,,,,
2013/7/31,654.3,,,,,,,,
2013/8/1,646.2,,,,,,,,
2013/8/2,641.55,,,,,,,,
2013/8/5,634.94,,,,,,,,
2013/8/6,635.96,,,,,,,,
2013/8/7,636.17,,,,,,,,
2013/8/8,640.28,,,,,,,,
2013/8/9,636.13,,,,,,,,
2013/8/12,645.86,,,,,,,,
2013/8/13,638.55,,,,,,,,
2013/8/14,643.51,,,,,,,,
2013/8/15,653.84,,,,,,,,
2013/8/16,648.17,,,,,,,,
2013/8/19,661.1,,,,,,,,
2013/8/20,650.43,,,,,,,,
2013/8/21,651.25,,,,,,,,
2013/8/22,640.07,,,,,,,,
2013/8/23,648.35,,,,,,,,
2013/8/26,672.62,,,,,,,,
2013/8/27,663.25,,,,,,,,
2013/8/28,660.66,,,,,,,,
2013/8/29,658.06,,,,,,,,
2013/8/30,656.65,,,,,,,,
2013/9/3,655.38,,,,,,,,
2013/9/4,649.58,,,,,,,,
2013/9/5,646.7,,,,,,,,
2013/9/6,653.4,,,,,,,,
2013/9/9,649.75,,,,,,,,
2013/9/10,654.24,,,,,,,,
2013/9/11,657,,,,,,,,
2013/9/12,660.49,,,,,,,,
2013/9/13,652.73,,,,,,,,
2013/9/16,647.49,,,,,,,,
2013/9/17,645.17,,,,,,,,
2013/9/18,648.5,,,,,,,,
2013/9/19,652.6,,,,,,,,
2013/9/20,643.64,,,,,,,,
2013/9/23,646.13,,,,,,,,
2013/9/24,647.32,,,,,,,,
2013/9/25,654.92,,,,,,,,
2013/9/26,657.72,,,,,,,,
2013/9/27,657.03,,,,,,,,
2013/9/30,650.14,,,,,,,,
2013/10/1,649.1,,,,,,,,
2013/10/2,652.25,,,,,,,,
2013/10/3,654.95,,,,,,,,
2013/10/4,655.89,,,,,,,,
2013/10/7,659.28,,,,,,,,
2013/10/8,655.76,,,,,,,,
2013/10/9,654.95,,,,,,,,
2013/10/10,652.24,,,,,,,,
2013/10/11,651.87,,,,,,,,
2013/10/14,654.45,,,,,,,,
2013/10/15,653.15,,,,,,,,
2013/10/16,652.92,,,,,,,,
2013/10/17,655.97,,,,,,,,
2013/10/18,662.44,,,,,,,,
2013/10/21,661.91,,,,,,,,
2013/10/22,659.72,,,,,,,,
2013/10/23,660.11,,,,,,,,
2013/10/24,655.22,,,,,,,,
2013/10/25,652.55,,,,,,,,
2013/10/28,642.73,,,,,,,,
2013/10/29,641.22,,,,,,,,
2013/10/30,638.61,,,,,,,,
2013/10/31,634.11,,,,,,,,
2013/11/1,631.26,,,,,,,,
2013/11/4,629.51,,,,,,,,
2013/11/5,626.61,,,,,,,,
2013/11/6,624.39,,,,,,,,
2013/11/7,624.81,,,,,,,,
2013/11/8,629.21,,,,,,,,
2013/11/11,630.58,,,,,,,,
2013/11/12,630.98,,,,,,,,
2013/11/13,629.2,,,,,,,,
2013/11/14,626.39,,,,,,,,
2013/11/15,621.7,,,,,,,,
2013/11/18,619.13,,,,,,,,
2013/11/19,621.13,,,,,,,,
2013/11/20,620.04,,,,,,,,
2013/11/21,622.93,,,,,,,,
2013/11/22,624.45,,,,,,,,
2013/11/25,627.36,,,,,,,,
2013/11/26,624.32,,,,,,,,
2013/11/27,625.27,,,,,,,,
2013/11/29,628.48,,,,,,,,
2013/12/2,623.94,,,,,,,,
2013/12/3,627.4,,,,,,,,
2013/12/4,627.56,,,,,,,,
2013/12/5,622.98,,,,,,,,
2013/12/6,623.67,,,,,,,,
2013/12/9,626.16,,,,,,,,
2013/12/10,623.1,,,,,,,,
2013/12/11,625.84,,,,,,,,
2013/12/12,620.36,,,,,,,,
2013/12/13,616.72,,,,,,,,
2013/12/16,615.25,,,,,,,,
2013/12/17,614.87,,,,,,,,
2013/12/18,610.35,,,,,,,,
2013/12/19,613.24,,,,,,,,
2013/12/20,617.83,,,,,,,,
2013/12/23,614.35,,,,,,,,
2013/12/24,614.21,,,,,,,,
2013/12/26,609.49,,,,,,,,
2013/12/27,613,,,,,,,,
2013/12/30,608.11,,,,,,,,
2013/12/31,606.58,,,,,,,,
2014/1/2,600.41,,,,,,,,
2014/1/3,604,,,,,,,,
2014/1/6,607.39,,,,,,,,
2014/1/7,605.8,,,,,,,,
2014/1/8,596.9,,,,,,,,
2014/1/9,592.91,,,,,,,,
2014/1/10,597.4,,,,,,,,
2014/1/13,600.96,,,,,,,,
2014/1/14,602.69,,,,,,,,
2014/1/15,597.68,,,,,,,,
2014/1/16,601.81,,,,,,,,
2014/1/17,597.04,,,,,,,,
2014/1/21,593.98,,,,,,,,
2014/1/22,593.15,,,,,,,,
2014/1/23,596.52,,,,,,,,
2014/1/24,596.19,,,,,,,,
2014/1/27,593.95,,,,,,,,
2014/1/28,595.55,,,,,,,,
2014/1/29,588.54,,,,,,,,
2014/1/30,593.73,,,,,,,,
2014/1/31,598.62,,,,,,,,
2014/2/3,604.99,,,,,,,,
2014/2/4,616.44,,,,,,,,
2014/2/5,619.89,,,,,,,,
2014/2/6,617.06,,,,,,,,
2014/2/7,617.79,,,,,,,,
2014/2/10,618.61,,,,,,,,
2014/2/11,620.56,,,,,,,,
2014/2/12,620.47,,,,,,,,
2014/2/13,624.02,,,,,,,,
2014/2/14,625.8,,,,,,,,
2014/2/18,637.68,,,,,,,,
2014/2/19,644.44,,,,,,,,
2014/2/20,644.59,,,,,,,,
2014/2/21,644.26,,,,,,,,
2014/2/24,652.77,,,,,,,,
2014/2/25,654.41,,,,,,,,
2014/2/26,651.62,,,,,,,,
2014/2/27,647.09,,,,,,,,
2014/2/28,654.27,,,,,,,,
2014/3/3,668.08,,,,,,,,
2014/3/4,676.49,,,,,,,,
2014/3/5,680.37,,,,,,,,
2014/3/6,687.09,,,,,,,,
2014/3/7,689.43,,,,,,,,
2014/3/10,680.55,,,,,,,,
2014/3/11,686.66,,,,,,,,
2014/3/12,691.1,,,,,,,,
2014/3/13,688.63,,,,,,,,
2014/3/14,688.43,,,,,,,,
2014/3/17,680.77,,,,,,,,
2014/3/18,691.95,,,,,,,,
2014/3/19,699.61,,,,,,,,
2014/3/20,689.52,,,,,,,,
2014/3/21,683.45,,,,,,,,
2014/3/24,694.45,,,,,,,,
2014/3/25,694.37,,,,,,,,
2014/3/26,691.46,,,,,,,,
2014/3/27,700.2,,,,,,,,
2014/3/28,698,,,,,,,,
2014/3/31,703.12,,,,,,,,
2014/4/1,700.06,,,,,,,,
2014/4/2,687.39,,,,,,,,
2014/4/3,692.91,,,,,,,,
2014/4/4,695.43,,,,,,,,
2014/4/7,694.28,,,,,,,,
2014/4/8,702.48,,,,,,,,
2014/4/9,698.53,,,,,,,,
2014/4/10,695.34,,,,,,,,
2014/4/11,690.22,,,,,,,,
2014/4/14,700.12,,,,,,,,
2014/4/15,706.33,,,,,,,,
2014/4/16,702.73,,,,,,,,
2014/4/17,703.84,,,,,,,,
2014/4/21,693.15,,,,,,,,
2014/4/22,699.57,,,,,,,,
2014/4/23,703.77,,,,,,,,
2014/4/24,706.72,,,,,,,,
2014/4/25,713.15,,,,,,,,
2014/4/28,711.47,,,,,,,,
2014/4/29,721.92,,,,,,,,
2014/4/30,721.83,,,,,,,,
2014/5/1,708.44,,,,,,,,
2014/5/2,707.99,,,,,,,,
2014/5/5,714.55,,,,,,,,
2014/5/6,718.34,,,,,,,,
2014/5/7,714.29,,,,,,,,
2014/5/8,716.04,,,,,,,,
2014/5/9,707.88,,,,,,,,
2014/5/12,701.77,,,,,,,,
2014/5/13,704.96,,,,,,,,
2014/5/14,698.5,,,,,,,,
2014/5/15,691.03,,,,,,,,
2014/5/16,684.98,,,,,,,,
2014/5/19,683.6,,,,,,,,
2014/5/20,679.59,,,,,,,,
2014/5/21,680.51,,,,,,,,
2014/5/22,679.96,,,,,,,,
2014/5/23,677.52,,,,,,,,
2014/5/27,666.32,,,,,,,,
2014/5/28,667.21,,,,,,,,
2014/5/29,668.1,,,,,,,,
2014/5/30,663.53,,,,,,,,
2014/6/2,660.76,,,,,,,,
2014/6/3,654.21,,,,,,,,
2014/6/4,652.85,,,,,,,,
2014/6/5,644.75,,,,,,,,
2014/6/6,652.32,,,,,,,,
2014/6/9,646.7,,,,,,,,
2014/6/10,642.86,,,,,,,,
2014/6/11,636.98,,,,,,,,
2014/6/12,635.48,,,,,,,,
2014/6/13,639.58,,,,,,,,
2014/6/16,635.2,,,,,,,,
2014/6/17,632.21,,,,,,,,
2014/6/18,636.84,,,,,,,,
2014/6/19,644.17,,,,,,,,
2014/6/20,645.02,,,,,,,,
2014/6/23,641.03,,,,,,,,
2014/6/24,635.61,,,,,,,,
2014/6/25,637.24,,,,,,,,
2014/6/26,639.94,,,,,,,,
2014/6/27,639.07,,,,,,,,
2014/6/30,616.62,,,,,,,,
2014/7/1,611.02,,,,,,,,
2014/7/2,609.53,,,,,,,,
2014/7/3,608.02,,,,,,,,
2014/7/7,595.09,,,,,,,,
2014/7/8,594.02,,,,,,,,
2014/7/9,586.92,,,,,,,,
2014/7/10,579.65,,,,,,,,
2014/7/11,567.58,,,,,,,,
2014/7/14,574.37,,,,,,,,
2014/7/15,570.54,,,,,,,,
2014/7/16,572.95,,,,,,,,
2014/7/17,575.85,,,,,,,,
2014/7/18,568.97,,,,,,,,
2014/7/21,565.62,,,,,,,,
2014/7/22,559.9,,,,,,,,
2014/7/23,565.53,,,,,,,,
2014/7/24,564.87,,,,,,,,
2014/7/25,568.08,,,,,,,,
2014/7/28,571.06,,,,,,,,
2014/7/29,561.41,,,,,,,,
2014/7/30,561.98,,,,,,,,
2014/7/31,562.73,,,,,,,,
2014/8/1,559.12,,,,,,,,
2014/8/4,566.19,,,,,,,,
2014/8/5,564.72,,,,,,,,
2014/8/6,574.66,,,,,,,,
2014/8/7,568.34,,,,,,,,
2014/8/8,562.22,,,,,,,,
2014/8/11,564.19,,,,,,,,
2014/8/12,558.03,,,,,,,,
2014/8/13,555.89,,,,,,,,
2014/8/14,559.35,,,,,,,,
2014/8/15,564.1,,,,,,,,
2014/8/18,559.19,,,,,,,,
2014/8/19,557.87,,,,,,,,
2014/8/20,555.03,,,,,,,,
2014/8/21,558.18,,,,,,,,
2014/8/22,559.85,,,,,,,,
2014/8/25,553.85,,,,,,,,
2014/8/26,557.09,,,,,,,,
2014/8/27,558.24,,,,,,,,
2014/8/28,562.64,,,,,,,,
2014/8/29,558.52,,,,,,,,
2014/9/2,558.42,,,,,,,,
2014/9/3,545.75,,,,,,,,
2014/9/4,538.64,,,,,,,,
2014/9/5,543.21,,,,,,,,
2014/9/8,538.01,,,,,,,,
2014/9/9,533.14,,,,,,,,
2014/9/10,528.68,,,,,,,,
2014/9/11,523.72,,,,,,,,
2014/9/12,519.4,,,,,,,,
2014/9/15,518.72,,,,,,,,
2014/9/16,517.09,,,,,,,,
2014/9/17,517.88,,,,,,,,
2014/9/18,510.38,,,,,,,,
2014/9/19,501.58,,,,,,,,
2014/9/22,498.67,,,,,,,,
2014/9/23,497.34,,,,,,,,
2014/9/24,501.82,,,,,,,,
2014/9/25,496.82,,,,,,,,
2014/9/26,497.4,,,,,,,,
2014/9/29,503.15,,,,,,,,
2014/9/30,498.07,,,,,,,,
2014/10/1,498.55,,,,,,,,
2014/10/2,502.02,,,,,,,,
2014/10/3,503.32,,,,,,,,
2014/10/6,517.6,,,,,,,,
2014/10/7,523.95,,,,,,,,
2014/10/8,523.55,,,,,,,,
2014/10/9,520.94,,,,,,,,
2014/10/10,516.3,,,,,,,,
2014/10/13,524.79,,,,,,,,
2014/10/14,532.91,,,,,,,,
2014/10/15,525.18,,,,,,,,
2014/10/16,531.77,,,,,,,,
2014/10/17,526.73,,,,,,,,
2014/10/20,523,,,,,,,,
2014/10/21,528.41,,,,,,,,
2014/10/22,526.4,,,,,,,,
2014/10/23,532.17,,,,,,,,
2014/10/24,526.16,,,,,,,,
2014/10/27,531.85,,,,,,,,
2014/10/28,535.72,,,,,,,,
2014/10/29,545.54,,,,,,,,
2014/10/30,541.6,,,,,,,,
2014/10/31,542.11,,,,,,,,
2014/11/3,539.32,,,,,,,,
2014/11/4,530.73,,,,,,,,
2014/11/5,530.99,,,,,,,,
2014/11/6,530.59,,,,,,,,
2014/11/7,529.45,,,,,,,,
2014/11/10,528.5,,,,,,,,
2014/11/11,538.81,,,,,,,,
2014/11/12,542.92,,,,,,,,
2014/11/13,546.93,,,,,,,,
2014/11/14,544.57,,,,,,,,
2014/11/17,540.57,,,,,,,,
2014/11/18,536.94,,,,,,,,
2014/11/19,530.91,,,,,,,,
2014/11/20,538.11,,,,,,,,
2014/11/21,540.5,,,,,,,,
2014/11/24,536.65,,,,,,,,
2014/11/25,544.3,,,,,,,,
2014/11/26,547.71,,,,,,,,
2014/11/28,544.49,,,,,,,,
2014/12/1,552.66,,,,,,,,
2014/12/2,543.4,,,,,,,,
2014/12/3,539.85,,,,,,,,
2014/12/4,544.41,,,,,,,,
2014/12/5,548.77,,,,,,,,
2014/12/8,548.79,,,,,,,,
2014/12/9,549.1,,,,,,,,
2014/12/10,545.34,,,,,,,,
2014/12/11,550.49,,,,,,,,
2014/12/12,555.4,,,,,,,,
2014/12/15,559.39,,,,,,,,
2014/12/16,556.89,,,,,,,,
2014/12/17,564.34,,,,,,,,
2014/12/18,569.6,,,,,,,,
2014/12/19,563.16,,,,,,,,
2014/12/22,562.22,,,,,,,,
2014/12/23,564.94,,,,,,,,
2014/12/24,554.91,,,,,,,,
2014/12/26,558.32,,,,,,,,
2014/12/29,557.56,,,,,,,,
2014/12/30,551.33,,,,,,,,
2014/12/31,541.47,,,,,,,,
2015/1/2,534.32,,,,,,,,
2015/1/5,546.25,,,,,,,,
2015/1/6,551.07,,,,,,,,
2015/1/7,544.62,,,,,,,,
2015/1/8,540.97,,,,,,,,
2015/1/9,543.22,,,,,,,,
2015/1/12,536.29,,,,,,,,
2015/1/13,527.92,,,,,,,,
2015/1/14,524.24,,,,,,,,
2015/1/15,522.11,,,,,,,,
2015/1/16,523.39,,,,,,,,
2015/1/20,524.2,,,,,,,,
2015/1/21,522.73,,,,,,,,
2015/1/22,518.83,,,,,,,,
2015/1/23,515.85,,,,,,,,
2015/1/26,514.63,,,,,,,,
2015/1/27,512.82,,,,,,,,
2015/1/28,506.02,,,,,,,,
2015/1/29,503.38,,,,,,,,
2015/1/30,500.91,,,,,,,,
2015/2/2,496.37,,,,,,,,
2015/2/3,512.27,,,,,,,,
2015/2/4,509.87,,,,,,,,
2015/2/5,515.43,,,,,,,,
2015/2/6,515.85,,,,,,,,
2015/2/9,521.09,,,,,,,,
2015/2/10,514.81,,,,,,,,
2015/2/11,514.97,,,,,,,,
2015/2/12,516.12,,,,,,,,
2015/2/13,520.81,,,,,,,,
2015/2/17,523.97,,,,,,,,
2015/2/18,518.33,,,,,,,,
2015/2/19,517.81,,,,,,,,
2015/2/20,511.01,,,,,,,,
2015/2/23,506.12,,,,,,,,
2015/2/24,508.08,,,,,,,,
2015/2/25,502.59,,,,,,,,
2015/2/26,506.68,,,,,,,,
2015/2/27,511.1,,,,,,,,
2015/3/2,502.97,,,,,,,,
2015/3/3,502.6,,,,,,,,
2015/3/4,498.78,,,,,,,,
2015/3/5,494.06,,,,,,,,
2015/3/6,493.66,,,,,,,,
2015/3/9,495.78,,,,,,,,
2015/3/10,493.39,,,,,,,,
2015/3/11,495.95,,,,,,,,
2015/3/12,497.72,,,,,,,,
2015/3/13,488.84,,,,,,,,
2015/3/16,493.49,,,,,,,,
2015/3/17,485.85,,,,,,,,
2015/3/18,491.55,,,,,,,,
2015/3/19,491.4,,,,,,,,
2015/3/20,501.88,,,,,,,,
2015/3/23,506.33,,,,,,,,
2015/3/24,502.54,,,,,,,,
2015/3/25,502.14,,,,,,,,
2015/3/26,494.32,,,,,,,,
2015/3/27,494.88,,,,,,,,
2015/3/30,499.69,,,,,,,,
2015/3/31,489.07,,,,,,,,
2015/4/1,498.67,,,,,,,,
2015/4/2,505.77,,,,,,,,
2015/4/6,503.57,,,,,,,,
2015/4/7,502.03,,,,,,,,
2015/4/8,500.39,,,,,,,,
2015/4/9,495.5,,,,,,,,
2015/4/10,495.87,,,,,,,,
2015/4/13,486.82,,,,,,,,
2015/4/14,488.5,,,,,,,,
2015/4/15,487.13,,,,,,,,
2015/4/16,489.79,,,,,,,,
2015/4/17,489.56,,,,,,,,
2015/4/20,489.55,,,,,,,,
2015/4/21,487.01,,,,,,,,
2015/4/22,486.96,,,,,,,,
2015/4/23,490.32,,,,,,,,
2015/4/24,485.13,,,,,,,,
2015/4/27,479.52,,,,,,,,
2015/4/28,480.63,,,,,,,,
2015/4/29,485.02,,,,,,,,
2015/4/30,481.06,,,,,,,,
2015/5/1,476.19,,,,,,,,
2015/5/4,474.55,,,,,,,,
2015/5/5,475.57,,,,,,,,
2015/5/6,479.26,,,,,,,,
2015/5/7,475.62,,,,,,,,
2015/5/8,481.35,,,,,,,,
2015/5/11,480.14,,,,,,,,
2015/5/12,478.92,,,,,,,,
2015/5/13,478.02,,,,,,,,
2015/5/14,489.33,,,,,,,,
2015/5/15,488.04,,,,,,,,
2015/5/18,491.46,,,,,,,,
2015/5/19,484.65,,,,,,,,
2015/5/20,482.32,,,,,,,,
2015/5/21,484.47,,,,,,,,
2015/5/22,478.04,,,,,,,,
2015/5/26,468.88,,,,,,,,
2015/5/27,464.57,,,,,,,,
2015/5/28,467.11,,,,,,,,
2015/5/29,464.26,,,,,,,,
2015/6/1,469.37,,,,,,,,
2015/6/2,479.29,,,,,,,,
2015/6/3,478.42,,,,,,,,
2015/6/4,484.91,,,,,,,,
2015/6/5,480.22,,,,,,,,
2015/6/8,486.63,,,,,,,,
2015/6/9,487.92,,,,,,,,
2015/6/10,479.9,,,,,,,,
2015/6/11,472.97,,,,,,,,
2015/6/12,471.39,,,,,,,,
2015/6/15,463.1,,,,,,,,
2015/6/16,468.21,,,,,,,,
2015/6/17,471.32,,,,,,,,
2015/6/18,470.42,,,,,,,,
2015/6/19,467.1,,,,,,,,
2015/6/22,476.71,,,,,,,,
2015/6/23,483.53,,,,,,,,
2015/6/24,483.92,,,,,,,,
2015/6/25,493.47,,,,,,,,
2015/6/26,506.83,,,,,,,,
2015/6/29,510.13,,,,,,,,
2015/6/30,536.05,,,,,,,,
2015/7/1,527.45,,,,,,,,
2015/7/2,529.55,,,,,,,,
2015/7/6,528.41,,,,,,,,
2015/7/7,520.66,,,,,,,,
2015/7/8,519.09,,,,,,,,
2015/7/9,522.12,,,,,,,,
2015/7/10,526.09,,,,,,,,
2015/7/13,529.57,,,,,,,,
2015/7/14,525.1,,,,,,,,
2015/7/15,521.74,,,,,,,,
2015/7/16,519.53,,,,,,,,
2015/7/17,512.31,,,,,,,,
2015/7/20,498.26,,,,,,,,
2015/7/21,496.51,,,,,,,,
2015/7/22,491.9,,,,,,,,
2015/7/23,491.66,,,,,,,,
2015/7/24,482.63,,,,,,,,
2015/7/27,469.58,,,,,,,,
2015/7/28,473.64,,,,,,,,
2015/7/29,468.46,,,,,,,,
2015/7/30,470.54,,,,,,,,
2015/7/31,469.39,,,,,,,,
2015/8/3,465.63,,,,,,,,
2015/8/4,466.11,,,,,,,,
2015/8/5,469.59,,,,,,,,
2015/8/6,467.07,,,,,,,,
2015/8/7,471.44,,,,,,,,
2015/8/10,485.06,,,,,,,,
2015/8/11,474.29,,,,,,,,
2015/8/12,458.09,,,,,,,,
2015/8/13,466.62,,,,,,,,
2015/8/14,467.38,,,,,,,,
2015/8/17,464.81,,,,,,,,
2015/8/18,463.69,,,,,,,,
2015/8/19,462.06,,,,,,,,
2015/8/20,467.45,,,,,,,,
2015/8/21,459.92,,,,,,,,
2015/8/24,457.98,,,,,,,,
2015/8/25,455.04,,,,,,,,
2015/8/26,451.08,,,,,,,,
2015/8/27,454.94,,,,,,,,
2015/8/28,453.44,,,,,,,,
2015/8/31,453.14,,,,,,,,
2015/9/1,449.12,,,,,,,,
2015/9/2,446.08,,,,,,,,
2015/9/3,442.95,,,,,,,,
2015/9/4,443.89,,,,,,,,
2015/9/8,448.79,,,,,,,,
2015/9/9,448.94,,,,,,,,
2015/9/10,451.18,,,,,,,,
2015/9/11,458.17,,,,,,,,
2015/9/14,465.61,,,,,,,,
2015/9/15,462.7,,,,,,,,
2015/9/16,459.53,,,,,,,,
2015/9/17,454.93,,,,,,,,
2015/9/18,450.84,,,,,,,,
2015/9/21,456.3,,,,,,,,
2015/9/22,452.22,,,,,,,,
2015/9/23,456.59,,,,,,,,
2015/9/24,455.3,,,,,,,,
2015/9/25,465.51,,,,,,,,
2015/9/28,462.09,,,,,,,,
2015/9/29,463.56,,,,,,,,
2015/9/30,467.06,,,,,,,,
2015/10/1,468.79,,,,,,,,
2015/10/2,468.65,,,,,,,,
2015/10/5,473.6,,,,,,,,
2015/10/6,478.69,,,,,,,,
2015/10/7,476.55,,,,,,,,
2015/10/8,473.09,,,,,,,,
2015/10/9,471.63,,,,,,,,
2015/10/12,470.82,,,,,,,,
2015/10/13,477.67,,,,,,,,
2015/10/14,473.54,,,,,,,,
2015/10/15,470.18,,,,,,,,
2015/10/16,466.53,,,,,,,,
2015/10/19,462.2,,,,,,,,
2015/10/20,465.25,,,,,,,,
2015/10/21,468.07,,,,,,,,
2015/10/22,465.64,,,,,,,,
2015/10/23,464.28,,,,,,,,
2015/10/26,470.47,,,,,,,,
2015/10/27,468.8,,,,,,,,
2015/10/28,467.32,,,,,,,,
2015/10/29,470.17,,,,,,,,
2015/10/30,473.93,,,,,,,,
2015/11/2,469.73,,,,,,,,
2015/11/3,474.39,,,,,,,,
2015/11/4,473.46,,,,,,,,
2015/11/5,469.86,,,,,,,,
2015/11/6,467.24,,,,,,,,
2015/11/9,458.16,,,,,,,,
2015/11/10,454.21,,,,,,,,
2015/11/11,456.62,,,,,,,,
2015/11/12,457.91,,,,,,,,
2015/11/13,455.16,,,,,,,,
2015/11/16,456.94,,,,,,,,
2015/11/17,454.38,,,,,,,,
2015/11/18,451.77,,,,,,,,
2015/11/19,457.51,,,,,,,,
2015/11/20,457.85,,,,,,,,
2015/11/23,460.59,,,,,,,,
2015/11/24,456.42,,,,,,,,
2015/11/25,458.84,,,,,,,,
2015/11/27,454.99,,,,,,,,
2015/11/30,455.51,,,,,,,,
2015/12/1,458.17,,,,,,,,
2015/12/2,455.93,,,,,,,,
2015/12/3,463.78,,,,,,,,
2015/12/4,467.97,,,,,,,,
2015/12/7,461.47,,,,,,,,
2015/12/8,459.02,,,,,,,,
2015/12/9,462.27,,,,,,,,
2015/12/10,463.19,,,,,,,,
2015/12/11,458.89,,,,,,,,
2015/12/14,460.68,,,,,,,,
2015/12/15,459.77,,,,,,,,
2015/12/16,453.68,,,,,,,,
2015/12/17,456.53,,,,,,,,
2015/12/18,460.61,,,,,,,,
2015/12/21,456.63,,,,,,,,
2015/12/22,452.76,,,,,,,,
2015/12/23,452.32,,,,,,,,
2015/12/24,450.52,,,,,,,,
2015/12/28,446.91,,,,,,,,
2015/12/29,450.61,,,,,,,,
2015/12/30,450.11,,,,,,,,
2015/12/31,450.1,,,,,,,,
2016/1/4,441.51,,,,,,,,
2016/1/5,441.17,,,,,,,,
2016/1/6,440.45,,,,,,,,
2016/1/7,442.12,,,,,,,,
2016/1/8,445.38,,,,,,,,
2016/1/11,438.34,,,,,,,,
2016/1/12,444.15,,,,,,,,
2016/1/13,446.24,,,,,,,,
2016/1/14,445.56,,,,,,,,
2016/1/15,448.25,,,,,,,,
2016/1/19,450.58,,,,,,,,
2016/1/20,445.52,,,,,,,,
2016/1/21,448.03,,,,,,,,
2016/1/22,449.5,,,,,,,,
2016/1/25,449.31,,,,,,,,
2016/1/26,449.28,,,,,,,,
2016/1/27,445.84,,,,,,,,
2016/1/28,441.56,,,,,,,,
2016/1/29,445.72,,,,,,,,
2016/2/1,444.28,,,,,,,,
2016/2/2,445.91,,,,,,,,
2016/2/3,445.77,,,,,,,,
2016/2/4,441.81,,,,,,,,
2016/2/5,439.44,,,,,,,,
2016/2/8,435.71,,,,,,,,
2016/2/9,434.16,,,,,,,,
2016/2/10,434.5,,,,,,,,
2016/2/11,433.05,,,,,,,,
2016/2/12,433.35,,,,,,,,
2016/2/16,437.6,,,,,,,,
2016/2/17,440.23,,,,,,,,
2016/2/18,437.3,,,,,,,,
2016/2/19,435.83,,,,,,,,
2016/2/22,437.18,,,,,,,,
2016/2/23,435.72,,,,,,,,
2016/2/24,433.2,,,,,,,,
2016/2/25,433.21,,,,,,,,
2016/2/26,430.92,,,,,,,,
2016/2/29,431.19,,,,,,,,
2016/3/1,428.36,,,,,,,,
2016/3/2,431.09,,,,,,,,
2016/3/3,435.17,,,,,,,,
2016/3/4,438.65,,,,,,,,
2016/3/7,439.25,,,,,,,,
2016/3/8,440.92,,,,,,,,
2016/3/9,440.92,,,,,,,,
2016/3/10,445.44,,,,,,,,
2016/3/11,448.5,,,,,,,,
2016/3/14,452.7,,,,,,,,
2016/3/15,451.18,,,,,,,,
2016/3/16,450.89,,,,,,,,
2016/3/17,451.83,,,,,,,,
2016/3/18,450.94,,,,,,,,
2016/3/21,454.15,,,,,,,,
2016/3/22,456.77,,,,,,,,
2016/3/23,454.31,,,,,,,,
2016/3/24,451.26,,,,,,,,
2016/3/28,453.71,,,,,,,,
2016/3/29,455.87,,,,,,,,
2016/3/30,449.97,,,,,,,,
2016/3/31,445.88,,,,,,,,
2016/4/1,447.42,,,,,,,,
2016/4/4,443.92,,,,,,,,
2016/4/5,443.31,,,,,,,,
2016/4/6,441.25,,,,,,,,
2016/4/7,439.5,,,,,,,,
2016/4/8,443.5,,,,,,,,
2016/4/11,438.57,,,,,,,,
2016/4/12,442.93,,,,,,,,
2016/4/13,450.11,,,,,,,,
2016/4/14,450.06,,,,,,,,
2016/4/15,454.79,,,,,,,,
2016/4/18,461.63,,,,,,,,
2016/4/19,469.83,,,,,,,,
2016/4/20,482.02,,,,,,,,
2016/4/21,476.56,,,,,,,,
2016/4/22,460.53,,,,,,,,
2016/4/25,466.38,,,,,,,,
2016/4/26,473.07,,,,,,,,
2016/4/27,469.98,,,,,,,,
2016/4/28,471.54,,,,,,,,
2016/4/29,475.22,,,,,,,,
2016/5/2,475.67,,,,,,,,
2016/5/3,465.38,,,,,,,,
2016/5/4,466.18,,,,,,,,
2016/5/5,458.18,,,,,,,,
2016/5/6,461.45,,,,,,,,
2016/5/9,456.65,,,,,,,,
2016/5/10,467.68,,,,,,,,
2016/5/11,467.76,,,,,,,,
2016/5/12,473.88,,,,,,,,
2016/5/13,474.37,,,,,,,,
2016/5/16,476.5,,,,,,,,
2016/5/17,480.68,,,,,,,,
2016/5/18,480.22,,,,,,,,
2016/5/19,471.77,,,,,,,,
2016/5/20,475.23,,,,,,,,
2016/5/23,472.33,,,,,,,,
2016/5/24,472.41,,,,,,,,
2016/5/25,479.89,,,,,,,,
2016/5/26,485.86,,,,,,,,
2016/5/27,488.6,,,,,,,,
2016/5/31,481.19,,,,,,,,
2016/6/1,487.7,,,,,,,,
2016/6/2,497.42,,,,,,,,
2016/6/3,503.73,,,,,,,,
2016/6/6,511.76,,,,,,,,
2016/6/7,513.82,,,,,,,,
2016/6/8,524.35,,,,,,,,
2016/6/9,519.59,,,,,,,,
2016/6/10,515.63,,,,,,,,
2016/6/13,516.02,,,,,,,,
2016/6/14,514.75,,,,,,,,
2016/6/15,511.41,,,,,,,,
2016/6/16,507.55,,,,,,,,
2016/6/17,518.18,,,,,,,,
2016/6/20,509.09,,,,,,,,
2016/6/21,492.84,,,,,,,,
2016/6/22,491.23,,,,,,,,
2016/6/23,487.66,,,,,,,,
2016/6/24,481.64,,,,,,,,
2016/6/27,483.55,,,,,,,,
2016/6/28,487.22,,,,,,,,
2016/6/29,484.46,,,,,,,,
2016/6/30,480.95,,,,,,,,
2016/7/1,476.43,,,,,,,,
2016/7/5,469.45,,,,,,,,
2016/7/6,463.58,,,,,,,,
2016/7/7,455.46,,,,,,,,
2016/7/8,465.34,,,,,,,,
2016/7/11,466.28,,,,,,,,
2016/7/12,471.8,,,,,,,,
2016/7/13,477.57,,,,,,,,
2016/7/14,473.72,,,,,,,,
2016/7/15,466.27,,,,,,,,
2016/7/18,470.39,,,,,,,,
2016/7/19,457.77,,,,,,,,
2016/7/20,452.66,,,,,,,,
2016/7/21,453.87,,,,,,,,
2016/7/22,452.97,,,,,,,,
2016/7/25,452.42,,,,,,,,
2016/7/26,448.71,,,,,,,,
2016/7/27,449.14,,,,,,,,
2016/7/28,444.67,,,,,,,,
2016/7/29,449.63,,,,,,,,
2016/8/1,441.89,,,,,,,,
2016/8/2,439.62,,,,,,,,
2016/8/3,442.6,,,,,,,,
2016/8/4,443.04,,,,,,,,
2016/8/5,451.62,,,,,,,,
2016/8/8,453.04,,,,,,,,
2016/8/9,449.88,,,,,,,,
2016/8/10,446.86,,,,,,,,
2016/8/11,445.5,,,,,,,,
2016/8/12,446.02,,,,,,,,
2016/8/15,449.34,,,,,,,,
2016/8/16,450.51,,,,,,,,
2016/8/17,450.98,,,,,,,,
2016/8/18,453.71,,,,,,,,
2016/8/19,452.14,,,,,,,,
2016/8/22,453.35,,,,,,,,
2016/8/23,451.17,,,,,,,,
2016/8/24,446.95,,,,,,,,
2016/8/25,443.94,,,,,,,,
2016/8/26,437.23,,,,,,,,
2016/8/29,432.12,,,,,,,,
2016/8/30,427.26,,,,,,,,
2016/8/31,424.01,,,,,,,,
2016/9/1,429.06,,,,,,,,
2016/9/2,434.4,,,,,,,,
2016/9/6,436.21,,,,,,,,
2016/9/7,440.61,,,,,,,,
2016/9/8,442.89,,,,,,,,
2016/9/9,441.46,,,,,,,,
2016/9/12,440.47,,,,,,,,
2016/9/13,433.73,,,,,,,,
2016/9/14,434.42,,,,,,,,
2016/9/15,435.41,,,,,,,,
2016/9/16,443.84,,,,,,,,
2016/9/19,447.31,,,,,,,,
2016/9/20,452.13,,,,,,,,
2016/9/21,451.89,,,,,,,,
2016/9/22,450.11,,,,,,,,
2016/9/23,446.28,,,,,,,,
2016/9/26,442.72,,,,,,,,
2016/9/27,447.1,,,,,,,,
2016/9/28,445.8,,,,,,,,
2016/9/29,442.38,,,,,,,,
2016/9/30,445.05,,,,,,,,
2016/10/3,446.61,,,,,,,,
2016/10/4,449.04,,,,,,,,
2016/10/5,451.8,,,,,,,,
2016/10/6,444.23,,,,,,,,
2016/10/7,444.6,,,,,,,,
2016/10/10,447.05,,,,,,,,
2016/10/11,448.52,,,,,,,,
2016/10/12,443.26,,,,,,,,
2016/10/13,452.53,,,,,,,,
2016/10/14,456.93,,,,,,,,
2016/10/17,460.33,,,,,,,,
2016/10/18,458.93,,,,,,,,
2016/10/19,460.86,,,,,,,,
2016/10/20,455.31,,,,,,,,
2016/10/21,455.88,,,,,,,,
2016/10/24,454.35,,,,,,,,
2016/10/25,455.32,,,,,,,,
2016/10/26,459.62,,,,,,,,
2016/10/27,461.73,,,,,,,,
2016/10/28,457.69,,,,,,,,
2016/10/31,455.88,,,,,,,,
2016/11/1,449.66,,,,,,,,
2016/11/2,451.22,,,,,,,,
2016/11/3,450.14,,,,,,,,
2016/11/4,452.56,,,,,,,,
2016/11/7,453.47,,,,,,,,
2016/11/8,456.44,,,,,,,,
2016/11/9,449.08,,,,,,,,
2016/11/10,447.5,,,,,,,,
2016/11/11,444.7,,,,,,,,
2016/11/14,441.41,,,,,,,,
2016/11/15,443.47,,,,,,,,
2016/11/16,439.11,,,,,,,,
2016/11/17,441.57,,,,,,,,
2016/11/18,443.91,,,,,,,,
2016/11/21,448.83,,,,,,,,
2016/11/22,447.97,,,,,,,,
2016/11/23,446.09,,,,,,,,
2016/11/25,445.95,,,,,,,,
2016/11/28,447.19,,,,,,,,
2016/11/29,439.15,,,,,,,,
2016/11/30,436.71,,,,,,,,
2016/12/1,430.07,,,,,,,,
2016/12/2,432.73,,,,,,,,
2016/12/5,437.74,,,,,,,,
2016/12/6,439.66,,,,,,,,
2016/12/7,437.7,,,,,,,,
2016/12/8,435.31,,,,,,,,
2016/12/9,438.25,,,,,,,,
2016/12/12,439.57,,,,,,,,
2016/12/13,437.93,,,,,,,,
2016/12/14,436.28,,,,,,,,
2016/12/15,434.15,,,,,,,,
2016/12/16,433.36,,,,,,,,
2016/12/19,430.16,,,,,,,,
2016/12/20,427.1,,,,,,,,
2016/12/21,425.86,,,,,,,,
2016/12/22,422.78,,,,,,,,
2016/12/23,420.59,,,,,,,,
2016/12/27,430.26,,,,,,,,
2016/12/28,426.74,,,,,,,,
2016/12/29,430.03,,,,,,,,
2016/12/30,431.04,,,,,,,,
2017/1/3,435.17,,,,,,,,
2017/1/4,444.61,,,,,,,,
2017/1/5,446.63,,,,,,,,
2017/1/6,443.31,,,,,,,,
2017/1/9,444.14,,,,,,,,
2017/1/10,445.22,,,,,,,,
2017/1/11,443.03,,,,,,,,
2017/1/12,448.64,,,,,,,,
2017/1/13,448.46,,,,,,,,
2017/1/17,455.06,,,,,,,,
2017/1/18,455.74,,,,,,,,
2017/1/19,451.43,,,,,,,,
2017/1/20,453.75,,,,,,,,
2017/1/23,456.69,,,,,,,,
2017/1/24,452.26,,,,,,,,
2017/1/25,451.77,,,,,,,,
2017/1/26,450.78,,,,,,,,
2017/1/27,449.13,,,,,,,,
2017/1/30,442.97,,,,,,,,
2017/1/31,445.91,,,,,,,,
2017/2/1,454.87,,,,,,,,
2017/2/2,453.42,,,,,,,,
2017/2/3,452.47,,,,,,,,
2017/2/6,450.49,,,,,,,,
2017/2/7,452.05,,,,,,,,
2017/2/8,454.87,,,,,,,,
2017/2/9,456.44,,,,,,,,
2017/2/10,459.86,,,,,,,,
2017/2/13,459.46,,,,,,,,
2017/2/14,458.54,,,,,,,,
2017/2/15,462.65,,,,,,,,
2017/2/16,457.59,,,,,,,,
2017/2/17,452.99,,,,,,,,
2017/2/21,453.63,,,,,,,,
2017/2/22,454.83,,,,,,,,
2017/2/23,450.12,,,,,,,,
2017/2/24,446.94,,,,,,,,
2017/2/27,440.49,,,,,,,,
2017/2/28,444.98,,,,,,,,
2017/3/1,453.98,,,,,,,,
2017/3/2,450.92,,,,,,,,
2017/3/3,451.66,,,,,,,,
2017/3/6,450.92,,,,,,,,
2017/3/7,445.47,,,,,,,,
2017/3/8,442.15,,,,,,,,
2017/3/9,437.12,,,,,,,,
2017/3/10,435.63,,,,,,,,
2017/3/13,432.31,,,,,,,,
2017/3/14,432.19,,,,,,,,
2017/3/15,434.33,,,,,,,,
2017/3/16,435.69,,,,,,,,
2017/3/17,436.16,,,,,,,,
2017/3/20,432.28,,,,,,,,
2017/3/21,429.2,,,,,,,,
2017/3/22,427.02,,,,,,,,
2017/3/23,425.97,,,,,,,,
2017/3/24,424.97,,,,,,,,
2017/3/27,423.47,,,,,,,,
2017/3/28,424.34,,,,,,,,
2017/3/29,422.57,,,,,,,,
2017/3/30,419.7,,,,,,,,
2017/3/31,421.98,,,,,,,,
2017/4/3,420.73,,,,,,,,
2017/4/4,417.61,,,,,,,,
2017/4/5,419.13,,,,,,,,
2017/4/6,417.14,,,,,,,,
2017/4/7,417.58,,,,,,,,
2017/4/10,421.19,,,,,,,,
2017/4/11,422.26,,,,,,,,
2017/4/12,422.99,,,,,,,,
2017/4/13,423.1,,,,,,,,
2017/4/17,420.8,,,,,,,,
2017/4/18,420.27,,,,,,,,
2017/4/19,418.15,,,,,,,,
2017/4/20,412.33,,,,,,,,
2017/4/21,412.87,,,,,,,,
2017/4/24,412.73,,,,,,,,
2017/4/25,416.41,,,,,,,,
2017/4/26,411.62,,,,,,,,
2017/4/27,412.33,,,,,,,,
2017/4/28,415,,,,,,,,
2017/5/1,425.75,,,,,,,,
2017/5/2,423.03,,,,,,,,
2017/5/3,423.58,,,,,,,,
2017/5/4,415.73,,,,,,,,
2017/5/5,417.5,,,,,,,,
2017/5/8,414.01,,,,,,,,
2017/5/9,414.01,,,,,,,,
2017/5/10,417.44,,,,,,,,
2017/5/11,416.41,,,,,,,,
2017/5/12,417.97,,,,,,,,
2017/5/15,416.74,,,,,,,,
2017/5/16,416.1,,,,,,,,
2017/5/17,419.17,,,,,,,,
2017/5/18,412.59,,,,,,,,
2017/5/19,419.02,,,,,,,,
2017/5/22,419.51,,,,,,,,
2017/5/23,413.22,,,,,,,,
2017/5/24,413.14,,,,,,,,
2017/5/25,411.24,,,,,,,,
2017/5/26,411.84,,,,,,,,
2017/5/30,407.34,,,,,,,,
2017/5/31,408.04,,,,,,,,
2017/6/1,405.07,,,,,,,,
2017/6/2,404.25,,,,,,,,
2017/6/5,404.98,,,,,,,,
2017/6/6,407.55,,,,,,,,
2017/6/7,412.9,,,,,,,,
2017/6/8,416.11,,,,,,,,
2017/6/9,416.07,,,,,,,,
2017/6/12,408.88,,,,,,,,
2017/6/13,411.36,,,,,,,,
2017/6/14,408.92,,,,,,,,
2017/6/15,411.31,,,,,,,,
2017/6/16,415.06,,,,,,,,
2017/6/19,412.18,,,,,,,,
2017/6/20,410.7,,,,,,,,
2017/6/21,404.79,,,,,,,,
2017/6/22,398.61,,,,,,,,
2017/6/23,398.14,,,,,,,,
2017/6/26,396.23,,,,,,,,
2017/6/27,398.09,,,,,,,,
2017/6/28,398.4,,,,,,,,
2017/6/29,406.98,,,,,,,,
2017/6/30,421.59,,,,,,,,
2017/7/3,432.79,,,,,,,,
2017/7/5,436.19,,,,,,,,
2017/7/6,432.12,,,,,,,,
2017/7/7,433.83,,,,,,,,
2017/7/10,439.38,,,,,,,,
2017/7/11,439.62,,,,,,,,
2017/7/12,430.47,,,,,,,,
2017/7/13,418.37,,,,,,,,
2017/7/14,422.48,,,,,,,,
2017/7/17,420.52,,,,,,,,
2017/7/18,421.42,,,,,,,,
2017/7/19,425.27,,,,,,,,
2017/7/20,429.84,,,,,,,,
2017/7/21,424.45,,,,,,,,
2017/7/24,419.72,,,,,,,,
2017/7/25,410.57,,,,,,,,
2017/7/26,414.71,,,,,,,,
2017/7/27,417.88,,,,,,,,
2017/7/28,418.84,,,,,,,,
2017/7/31,417.85,,,,,,,,
2017/8/1,409.35,,,,,,,,
2017/8/2,411.27,,,,,,,,
2017/8/3,407.04,,,,,,,,
2017/8/4,406.56,,,,,,,,
2017/8/7,410.9,,,,,,,,
2017/8/8,409.04,,,,,,,,
2017/8/9,409.88,,,,,,,,
2017/8/10,395.11,,,,,,,,
2017/8/11,396.33,,,,,,,,
2017/8/14,396.08,,,,,,,,
2017/8/15,387.69,,,,,,,,
2017/8/16,384.29,,,,,,,,
2017/8/17,383.79,,,,,,,,
2017/8/18,385.47,,,,,,,,
2017/8/21,383.59,,,,,,,,
2017/8/22,380.92,,,,,,,,
2017/8/23,380.69,,,,,,,,
2017/8/24,384.16,,,,,,,,
2017/8/25,383.18,,,,,,,,
2017/8/28,382.57,,,,,,,,
2017/8/29,379.89,,,,,,,,
2017/8/30,379.23,,,,,,,,
2017/8/31,386.81,,,,,,,,
2017/9/1,385.74,,,,,,,,
2017/9/5,391.45,,,,,,,,
2017/9/6,393.58,,,,,,,,
2017/9/7,389.14,,,,,,,,
2017/9/8,389.82,,,,,,,,
2017/9/11,388.69,,,,,,,,
2017/9/12,385.93,,,,,,,,
2017/9/13,388.53,,,,,,,,
2017/9/14,390.47,,,,,,,,
2017/9/15,392.96,,,,,,,,
2017/9/18,389.97,,,,,,,,
2017/9/19,386.07,,,,,,,,
2017/9/20,389.72,,,,,,,,
2017/9/21,389.84,,,,,,,,
2017/9/22,391.04,,,,,,,,
2017/9/25,390.13,,,,,,,,
2017/9/26,387.35,,,,,,,,
2017/9/27,389.08,,,,,,,,
2017/9/28,387.03,,,,,,,,
2017/9/29,387.32,,,,,,,,
2017/10/2,384.63,,,,,,,,
2017/10/3,383.58,,,,,,,,
2017/10/4,383.38,,,,,,,,
2017/10/5,384.8,,,,,,,,
2017/10/6,385.35,,,,,,,,
2017/10/9,383.2,,,,,,,,
2017/10/10,383.64,,,,,,,,
2017/10/11,381.97,,,,,,,,
2017/10/12,383.86,,,,,,,,
2017/10/13,388.4,,,,,,,,
2017/10/16,384.59,,,,,,,,
2017/10/17,383.43,,,,,,,,
2017/10/18,382.04,,,,,,,,
2017/10/19,383.59,,,,,,,,
2017/10/20,379.28,,,,,,,,
2017/10/23,384.64,,,,,,,,
2017/10/24,385.72,,,,,,,,
2017/10/25,384.5,,,,,,,,
2017/10/26,382.67,,,,,,,,
2017/10/27,383.47,,,,,,,,
2017/10/30,383.17,,,,,,,,
2017/10/31,380.68,,,,,,,,
2017/11/1,381.11,,,,,,,,
2017/11/2,383.83,,,,,,,,
2017/11/3,382.09,,,,,,,,
2017/11/6,384.72,,,,,,,,
2017/11/7,384.21,,,,,,,,
2017/11/8,385.5,,,,,,,,
2017/11/9,382.84,,,,,,,,
2017/11/10,385.2,,,,,,,,
2017/11/13,382.83,,,,,,,,
2017/11/14,380.94,,,,,,,,
2017/11/15,379.97,,,,,,,,
2017/11/16,379.79,,,,,,,,
2017/11/17,384.08,,,,,,,,
2017/11/20,382.58,,,,,,,,
2017/11/21,382.66,,,,,,,,
2017/11/22,385.29,,,,,,,,
2017/11/24,384.03,,,,,,,,
2017/11/27,381.47,,,,,,,,
2017/11/28,380.42,,,,,,,,
2017/11/29,383.89,,,,,,,,
2017/11/30,382.67,,,,,,,,
2017/12/1,385.49,,,,,,,,
2017/12/4,383.21,,,,,,,,
2017/12/5,382.6,,,,,,,,
2017/12/6,378.69,,,,,,,,
2017/12/7,376.44,,,,,,,,
2017/12/8,375.05,,,,,,,,
2017/12/11,371.29,,,,,,,,
2017/12/12,368.88,,,,,,,,
2017/12/13,371.91,,,,,,,,
2017/12/14,371.58,,,,,,,,
2017/12/15,371.17,,,,,,,,
2017/12/18,371.39,,,,,,,,
2017/12/19,372.78,,,,,,,,
2017/12/20,375.01,,,,,,,,
2017/12/21,377.28,,,,,,,,
2017/12/22,375.94,,,,,,,,
2017/12/26,377.05,,,,,,,,
2017/12/27,380.16,,,,,,,,
2017/12/28,379.19,,,,,,,,
2017/12/29,379.67,,,,,,,,
2018/1/2,382.9,,,,,,,,
2018/1/3,383.73,,,,,,,,
2018/1/4,383.2,,,,,,,,
2018/1/5,381.56,,,,,,,,
2018/1/8,378.13,,,,,,,,
2018/1/9,379.33,,,,,,,,
2018/1/10,379.39,,,,,,,,
2018/1/11,378.55,,,,,,,,
2018/1/12,375.35,,,,,,,,
2018/1/16,373.66,,,,,,,,
2018/1/17,376.62,,,,,,,,
2018/1/18,376.13,,,,,,,,
2018/1/19,377.01,,,,,,,,
2018/1/22,377.96,,,,,,,,
2018/1/23,376.22,,,,,,,,
2018/1/24,380.81,,,,,,,,
2018/1/25,381.04,,,,,,,,
2018/1/26,382.33,,,,,,,,
2018/1/29,385.08,,,,,,,,
2018/1/30,387.95,,,,,,,,
2018/1/31,385.3,,,,,,,,
2018/2/1,385.33,,,,,,,,
2018/2/2,384.2,,,,,,,,
2018/2/5,381.96,,,,,,,,
2018/2/6,386.13,,,,,,,,
2018/2/7,389.56,,,,,,,,
2018/2/8,388.16,,,,,,,,
2018/2/9,385.04,,,,,,,,
2018/2/12,390.81,,,,,,,,
2018/2/13,390.68,,,,,,,,
2018/2/14,389.95,,,,,,,,
2018/2/15,392.65,,,,,,,,
2018/2/16,390.73,,,,,,,,
2018/2/20,389.96,,,,,,,,
2018/2/21,390.51,,,,,,,,
2018/2/22,392.22,,,,,,,,
2018/2/23,393.13,,,,,,,,
2018/2/26,396.12,,,,,,,,
2018/2/27,396.55,,,,,,,,
2018/2/28,403.42,,,,,,,,
2018/3/1,410.75,,,,,,,,
2018/3/2,407.11,,,,,,,,
2018/3/5,412.48,,,,,,,,
2018/3/6,410.39,,,,,,,,
2018/3/7,405.69,,,,,,,,
2018/3/8,409.15,,,,,,,,
2018/3/9,403.59,,,,,,,,
2018/3/12,404.04,,,,,,,,
2018/3/13,403.44,,,,,,,,
2018/3/14,402.49,,,,,,,,
2018/3/15,400.05,,,,,,,,
2018/3/16,396.45,,,,,,,,
2018/3/19,387.83,,,,,,,,
2018/3/20,388.43,,,,,,,,
2018/3/21,388.79,,,,,,,,
2018/3/22,389.89,,,,,,,,
2018/3/23,390.54,,,,,,,,
2018/3/26,387.66,,,,,,,,
2018/3/27,386.51,,,,,,,,
2018/3/28,383.97,,,,,,,,
2018/3/29,392.14,,,,,,,,
2018/4/2,390.93,,,,,,,,
2018/4/3,394.01,,,,,,,,
2018/4/4,388.07,,,,,,,,
2018/4/5,395.72,,,,,,,,
2018/4/6,396.95,,,,,,,,
2018/4/9,402.91,,,,,,,,
2018/4/10,402.3,,,,,,,,
2018/4/11,400.85,,,,,,,,
2018/4/12,400.7,,,,,,,,
2018/4/13,397.82,,,,,,,,
2018/4/16,393.35,,,,,,,,
2018/4/17,392.42,,,,,,,,
2018/4/18,395.07,,,,,,,,
2018/4/19,395.19,,,,,,,,
2018/4/20,390.91,,,,,,,,
2018/4/23,389.08,,,,,,,,
2018/4/24,391.16,,,,,,,,
2018/4/25,396.38,,,,,,,,
2018/4/26,395.46,,,,,,,,
2018/4/27,400.64,,,,,,,,
2018/4/30,403.28,,,,,,,,
2018/5/1,409.37,,,,,,,,
2018/5/2,407.94,,,,,,,,
2018/5/3,411.88,,,,,,,,
2018/5/4,407.83,,,,,,,,
2018/5/7,400.29,,,,,,,,
2018/5/8,402.07,,,,,,,,
2018/5/9,399.94,,,,,,,,
2018/5/10,398.78,,,,,,,,
2018/5/11,394.19,,,,,,,,
2018/5/14,393.17,,,,,,,,
2018/5/15,395.59,,,,,,,,
2018/5/16,394.37,,,,,,,,
2018/5/17,393.54,,,,,,,,
2018/5/18,401.19,,,,,,,,
2018/5/21,403.41,,,,,,,,
2018/5/22,406.92,,,,,,,,
2018/5/23,410.99,,,,,,,,
2018/5/24,409.7,,,,,,,,
2018/5/25,414.2,,,,,,,,
2018/5/29,411.95,,,,,,,,
2018/5/30,406.72,,,,,,,,
2018/5/31,408.36,,,,,,,,
2018/6/1,406.49,,,,,,,,
2018/6/4,395.29,,,,,,,,
2018/6/5,396.02,,,,,,,,
2018/6/6,396.79,,,,,,,,
2018/6/7,395.38,,,,,,,,
2018/6/8,396.65,,,,,,,,
2018/6/11,391.43,,,,,,,,
2018/6/12,398.93,,,,,,,,
2018/6/13,393.98,,,,,,,,
2018/6/14,386.08,,,,,,,,
2018/6/15,381.51,,,,,,,,
2018/6/18,375.99,,,,,,,,
2018/6/19,368.88,,,,,,,,
2018/6/20,371.48,,,,,,,,
2018/6/21,372.8,,,,,,,,
2018/6/22,374.5,,,,,,,,
2018/6/25,367.53,,,,,,,,
2018/6/26,365.96,,,,,,,,
2018/6/27,365.83,,,,,,,,
2018/6/28,362.21,,,,,,,,
2018/6/29,367.16,,,,,,,,
2018/7/2,355.91,,,,,,,,
2018/7/3,358.52,,,,,,,,
2018/7/5,360.64,,,,,,,,
2018/7/6,369.74,,,,,,,,
2018/7/9,365.08,,,,,,,,
2018/7/10,360.99,,,,,,,,
2018/7/11,351.34,,,,,,,,
2018/7/12,356.44,,,,,,,,
2018/7/13,355.57,,,,,,,,
2018/7/16,355.22,,,,,,,,
2018/7/17,358.95,,,,,,,,
2018/7/18,358.2,,,,,,,,
2018/7/19,360.89,,,,,,,,
2018/7/20,365.23,,,,,,,,
2018/7/23,365.33,,,,,,,,
2018/7/24,364.12,,,,,,,,
2018/7/25,373.27,,,,,,,,
2018/7/26,372.38,,,,,,,,
2018/7/27,371.77,,,,,,,,
2018/7/30,377.27,,,,,,,,
2018/7/31,381.32,,,,,,,,
2018/8/1,377.58,,,,,,,,
2018/8/2,378.73,,,,,,,,
2018/8/3,379.75,,,,,,,,
2018/8/6,384.03,,,,,,,,
2018/8/7,383.14,,,,,,,,
2018/8/8,383.47,,,,,,,,
2018/8/9,381.34,,,,,,,,
2018/8/10,369.66,,,,,,,,
2018/8/13,364.99,,,,,,,,
2018/8/14,369.02,,,,,,,,
2018/8/15,364.52,,,,,,,,
2018/8/16,370.41,,,,,,,,
2018/8/17,372.56,,,,,,,,
2018/8/20,368.66,,,,,,,,
2018/8/21,365.59,,,,,,,,
2018/8/22,361.38,,,,,,,,
2018/8/23,357.58,,,,,,,,
2018/8/24,357.97,,,,,,,,
2018/8/27,355.95,,,,,,,,
2018/8/28,352.43,,,,,,,,
2018/8/29,356.33,,,,,,,,
2018/8/30,354.68,,,,,,,,
2018/8/31,360.24,,,,,,,,
2018/9/4,358.77,,,,,,,,
2018/9/5,356.14,,,,,,,,
2018/9/6,354.06,,,,,,,,
2018/9/7,355.05,,,,,,,,
2018/9/10,359.83,,,,,,,,
2018/9/11,356.28,,,,,,,,
2018/9/12,351.91,,,,,,,,
2018/9/13,348.71,,,,,,,,
2018/9/14,350.07,,,,,,,,
2018/9/17,345.89,,,,,,,,
2018/9/18,343,,,,,,,,
2018/9/19,347.57,,,,,,,,
2018/9/20,351.53,,,,,,,,
2018/9/21,352.61,,,,,,,,
2018/9/24,352.55,,,,,,,,
2018/9/25,352.22,,,,,,,,
2018/9/26,350.92,,,,,,,,
2018/9/27,350.71,,,,,,,,
2018/9/28,347.26,,,,,,,,
2018/10/1,351.83,,,,,,,,
2018/10/2,357.24,,,,,,,,
2018/10/3,355.6,,,,,,,,
2018/10/4,356.88,,,,,,,,
2018/10/5,359.59,,,,,,,,
2018/10/8,360.03,,,,,,,,
2018/10/9,359.39,,,,,,,,
2018/10/10,356.61,,,,,,,,
2018/10/11,358.81,,,,,,,,
2018/10/12,364.46,,,,,,,,
2018/10/15,370.55,,,,,,,,
2018/10/16,368.11,,,,,,,,
2018/10/17,368.67,,,,,,,,
2018/10/18,365.22,,,,,,,,
2018/10/19,364.05,,,,,,,,
2018/10/22,363.86,,,,,,,,
2018/10/23,364.01,,,,,,,,
2018/10/24,360.47,,,,,,,,
2018/10/25,356.08,,,,,,,,
2018/10/26,361.39,,,,,,,,
2018/10/29,358.59,,,,,,,,
2018/10/30,355.44,,,,,,,,
2018/10/31,355.15,,,,,,,,
2018/11/1,361.68,,,,,,,,
2018/11/2,364.58,,,,,,,,
2018/11/5,364.02,,,,,,,,
2018/11/6,363.06,,,,,,,,
2018/11/7,363.08,,,,,,,,
2018/11/8,362.11,,,,,,,,
2018/11/9,359.14,,,,,,,,
2018/11/12,360.98,,,,,,,,
2018/11/13,356.47,,,,,,,,
2018/11/14,356.64,,,,,,,,
2018/11/15,357.1,,,,,,,,
2018/11/16,357.46,,,,,,,,
2018/11/19,354.04,,,,,,,,
2018/11/20,353.02,,,,,,,,
2018/11/21,353.8,,,,,,,,
2018/11/23,351.02,,,,,,,,
2018/11/26,350.72,,,,,,,,
2018/11/27,350.27,,,,,,,,
2018/11/28,355.64,,,,,,,,
2018/11/29,354.84,,,,,,,,
2018/11/30,357.6,,,,,,,,
2018/12/3,361.4,,,,,,,,
2018/12/4,362.04,,,,,,,,
2018/12/5,361.18,,,,,,,,
2018/12/6,358.97,,,,,,,,
2018/12/7,364.48,,,,,,,,
2018/12/10,362.24,,,,,,,,
2018/12/11,361.67,,,,,,,,
2018/12/12,363.26,,,,,,,,
2018/12/13,364.05,,,,,,,,
2018/12/14,362.3,,,,,,,,
2018/12/17,362.16,,,,,,,,
2018/12/18,361.43,,,,,,,,
2018/12/19,358.34,,,,,,,,
2018/12/20,355.54,,,,,,,,
2018/12/21,352.72,,,,,,,,
2018/12/24,353.25,,,,,,,,
2018/12/26,350.8,,,,,,,,
2018/12/27,349.67,,,,,,,,
2018/12/28,351.56,,,,,,,,
2018/12/31,349.12,,,,,,,,
2019/1/2,349.66,,,,,,,,
2019/1/3,352.45,,,,,,,,
2019/1/4,355.76,,,,,,,,
2019/1/7,358.06,,,,,,,,
2019/1/8,357.35,,,,,,,,
2019/1/9,359.52,,,,,,,,
2019/1/10,354.73,,,,,,,,
2019/1/11,356.7,,,,,,,,
2019/1/14,355.25,,,,,,,,
2019/1/15,352.34,,,,,,,,
2019/1/16,354.13,,,,,,,,
2019/1/17,357.57,,,,,,,,
2019/1/18,359.43,,,,,,,,
2019/1/22,357.87,,,,,,,,
2019/1/23,359.46,,,,,,,,
2019/1/24,358.45,,,,,,,,
2019/1/25,358.77,,,,,,,,
2019/1/28,358.59,,,,,,,,
2019/1/29,356.24,,,,,,,,
2019/1/30,357.54,,,,,,,,
2019/1/31,356.69,,,,,,,,
2019/2/1,357.98,,,,,,,,
2019/2/4,359.47,,,,,,,,
2019/2/5,360.33,,,,,,,,
2019/2/6,360.52,,,,,,,,
2019/2/7,355.41,,,,,,,,
2019/2/8,354.83,,,,,,,,
2019/2/11,352.56,,,,,,,,
2019/2/12,355.34,,,,,,,,
2019/2/13,355.86,,,,,,,,
2019/2/14,350.69,,,,,,,,
2019/2/15,352.16,,,,,,,,
2019/2/19,348.29,,,,,,,,
2019/2/20,347.58,,,,,,,,
2019/2/21,350.54,,,,,,,,
2019/2/22,350.83,,,,,,,,
2019/2/25,345.48,,,,,,,,
2019/2/26,341.69,,,,,,,,
2019/2/27,341.84,,,,,,,,
2019/2/28,338.93,,,,,,,,
2019/3/1,339.49,,,,,,,,
2019/3/4,338.45,,,,,,,,
2019/3/5,341.13,,,,,,,,
2019/3/6,336.23,,,,,,,,
2019/3/7,331.2,,,,,,,,
2019/3/8,331.33,,,,,,,,
2019/3/11,328.35,,,,,,,,
2019/3/12,335.05,,,,,,,,
2019/3/13,335.14,,,,,,,,
2019/3/14,336.2,,,,,,,,
2019/3/15,340.28,,,,,,,,
2019/3/18,339.18,,,,,,,,
2019/3/19,338.91,,,,,,,,
2019/3/20,340.07,,,,,,,,
2019/3/21,342.11,,,,,,,,
2019/3/22,341.91,,,,,,,,
2019/3/25,343.74,,,,,,,,
2019/3/26,342.88,,,,,,,,
2019/3/27,340.49,,,,,,,,
2019/3/28,339.23,,,,,,,,
2019/3/29,333.56,,,,,,,,
2019/4/1,336.91,,,,,,,,
2019/4/2,337.26,,,,,,,,
2019/4/3,338.49,,,,,,,,
2019/4/4,340.91,,,,,,,,
2019/4/5,338.99,,,,,,,,
2019/4/8,337.83,,,,,,,,
2019/4/9,337.36,,,,,,,,
2019/4/10,337.98,,,,,,,,
2019/4/11,336.32,,,,,,,,
2019/4/12,337.98,,,,,,,,
2019/4/15,336.78,,,,,,,,
2019/4/16,332.47,,,,,,,,
2019/4/17,331.55,,,,,,,,
2019/4/18,332.77,,,,,,,,
2019/4/22,329.74,,,,,,,,
2019/4/23,328.37,,,,,,,,
2019/4/24,324.81,,,,,,,,
2019/4/25,326.02,,,,,,,,
2019/4/26,326.52,,,,,,,,
2019/4/29,323.53,,,,,,,,
2019/4/30,322.2,,,,,,,,
2019/5/1,324.14,,,,,,,,
2019/5/2,325.2,,,,,,,,
2019/5/3,323.62,,,,,,,,
2019/5/6,319.65,,,,,,,,
2019/5/7,320.28,,,,,,,,
2019/5/8,318.27,,,,,,,,
2019/5/9,312.64,,,,,,,,
2019/5/10,309.84,,,,,,,,
2019/5/13,311.72,,,,,,,,
2019/5/14,320.31,,,,,,,,
2019/5/15,320.23,,,,,,,,
2019/5/16,326.52,,,,,,,,
2019/5/17,324.92,,,,,,,,
2019/5/20,330.97,,,,,,,,
2019/5/21,332.71,,,,,,,,
2019/5/22,331.28,,,,,,,,
2019/5/23,329.24,,,,,,,,
2019/5/24,337.93,,,,,,,,
2019/5/28,348.27,,,,,,,,
2019/5/29,347.39,,,,,,,,
2019/5/30,358.1,,,,,,,,
2019/5/31,353.6,,,,,,,,
2019/6/3,356.47,,,,,,,,
2019/6/4,355.07,,,,,,,,
2019/6/5,346.55,,,,,,,,
2019/6/6,352.34,,,,,,,,
2019/6/7,347.88,,,,,,,,
2019/6/10,348.46,,,,,,,,
2019/6/11,353.33,,,,,,,,
2019/6/12,357.6,,,,,,,,
2019/6/13,362.4,,,,,,,,
2019/6/14,366.06,,,,,,,,
2019/6/17,368.22,,,,,,,,
2019/6/18,365.18,,,,,,,,
2019/6/19,360.42,,,,,,,,
2019/6/20,364.06,,,,,,,,
2019/6/21,360.05,,,,,,,,
2019/6/24,364.13,,,,,,,,
2019/6/25,364.55,,,,,,,,
2019/6/26,363.48,,,,,,,,
2019/6/27,363.25,,,,,,,,
2019/6/28,354.74,,,,,,,,
2019/7/1,348.91,,,,,,,,
2019/7/2,346.82,,,,,,,,
2019/7/3,355.18,,,,,,,,
2019/7/5,354.03,,,,,,,,
2019/7/8,353.27,,,,,,,,
2019/7/9,349.52,,,,,,,,
2019/7/10,351.57,,,,,,,,
2019/7/11,357.08,,,,,,,,
2019/7/12,360.92,,,,,,,,
2019/7/15,353.77,,,,,,,,
2019/7/16,349.92,,,,,,,,
2019/7/17,348.72,,,,,,,,
2019/7/18,342.8,,,,,,,,
2019/7/19,348.06,,,,,,,,
2019/7/22,342.27,,,,,,,,
2019/7/23,343.84,,,,,,,,
2019/7/24,345.8,,,,,,,,
2019/7/25,343.51,,,,,,,,
2019/7/26,341.74,,,,,,,,
2019/7/29,344.09,,,,,,,,
2019/7/30,340.7,,,,,,,,
2019/7/31,335.08,,,,,,,,
2019/8/1,328.86,,,,,,,,
2019/8/2,331.84,,,,,,,,
2019/8/5,332.92,,,,,,,,
2019/8/6,330.42,,,,,,,,
2019/8/7,330.61,,,,,,,,
2019/8/8,334.86,,,,,,,,
2019/8/9,336.24,,,,,,,,
2019/8/12,322.54,,,,,,,,
2019/8/13,319.28,,,,,,,,
2019/8/14,316.72,,,,,,,,
2019/8/15,316.18,,,,,,,,
2019/8/16,320.04,,,,,,,,
2019/8/19,315.72,,,,,,,,
2019/8/20,313.22,,,,,,,,
2019/8/21,314.56,,,,,,,,
2019/8/22,315.41,,,,,,,,
2019/8/23,313.77,,,,,,,,
2019/8/26,314.2,,,,,,,,
2019/8/27,312.97,,,,,,,,
2019/8/28,315.19,,,,,,,,
2019/8/29,314.19,,,,,,,,
2019/8/30,312.39,,,,,,,,
2019/9/3,307.83,,,,,,,,
2019/9/4,308.61,,,,,,,,
2019/9/5,308.9,,,,,,,,
2019/9/6,307.68,,,,,,,,
2019/9/9,309.17,,,,,,,,
2019/9/10,313.86,,,,,,,,
2019/9/11,312.35,,,,,,,,
2019/9/12,318.51,,,,,,,,
2019/9/13,319.18,,,,,,,,
2019/9/16,323.15,,,,,,,,
2019/9/17,318.85,,,,,,,,
2019/9/18,320.02,,,,,,,,
2019/9/19,320.22,,,,,,,,
2019/9/20,318.68,,,,,,,,
2019/9/23,320.41,,,,,,,,
2019/9/24,321.01,,,,,,,,
2019/9/25,320.92,,,,,,,,
2019/9/26,321.47,,,,,,,,
2019/9/27,321.38,,,,,,,,
2019/9/30,328.79,,,,,,,,
2019/10/1,331.87,,,,,,,,
2019/10/2,328.85,,,,,,,,
2019/10/3,328.97,,,,,,,,
2019/10/4,327.93,,,,,,,,
2019/10/7,327.25,,,,,,,,
2019/10/8,331.3,,,,,,,,
2019/10/9,331.31,,,,,,,,
2019/10/10,325.84,,,,,,,,
2019/10/11,335.22,,,,,,,,
2019/10/14,335.91,,,,,,,,
2019/10/15,334.41,,,,,,,,
2019/10/16,334.2,,,,,,,,
2019/10/17,336.81,,,,,,,,
2019/10/18,337.64,,,,,,,,
2019/10/21,334.8,,,,,,,,
2019/10/22,334.26,,,,,,,,
2019/10/23,334.57,,,,,,,,
2019/10/24,333.56,,,,,,,,
2019/10/25,333.61,,,,,,,,
2019/10/28,332.63,,,,,,,,
2019/10/29,332.47,,,,,,,,
2019/10/30,333.64,,,,,,,,
2019/10/31,333.49,,,,,,,,
2019/11/1,335.3,,,,,,,,
2019/11/4,332.75,,,,,,,,
2019/11/5,333.95,,,,,,,,
2019/11/6,332.58,,,,,,,,
2019/11/7,331.57,,,,,,,,
2019/11/8,332.14,,,,,,,,
2019/11/11,329.04,,,,,,,,
2019/11/12,332.93,,,,,,,,
2019/11/13,331.42,,,,,,,,
2019/11/14,331.26,,,,,,,,
2019/11/15,329.28,,,,,,,,
2019/11/18,328.17,,,,,,,,
2019/11/19,329.17,,,,,,,,
2019/11/20,328.63,,,,,,,,
2019/11/21,328.01,,,,,,,,
2019/11/22,329.44,,,,,,,,
2019/11/25,332.86,,,,,,,,
2019/11/26,331.07,,,,,,,,
2019/11/27,328.9,,,,,,,,
2019/11/29,333.2,,,,,,,,
2019/12/2,331.39,,,,,,,,
2019/12/3,330.15,,,,,,,,
2019/12/4,330.81,,,,,,,,
2019/12/5,330.63,,,,,,,,
2019/12/6,331.79,,,,,,,,
2019/12/9,332.38,,,,,,,,
2019/12/10,334.39,,,,,,,,
2019/12/11,331.87,,,,,,,,
2019/12/12,336.75,,,,,,,,
2019/12/13,337.65,,,,,,,,
2019/12/16,344.16,,,,,,,,
2019/12/17,345.12,,,,,,,,
2019/12/18,343.47,,,,,,,,
2019/12/19,342.22,,,,,,,,
2019/12/20,342.93,,,,,,,,
2019/12/23,342.32,,,,,,,,
2019/12/24,342.89,,,,,,,,
2019/12/26,344.61,,,,,,,,
2019/12/27,347.35,,,,,,,,
2019/12/30,347.79,,,,,,,,
2019/12/31,347.95,,,,,,,,
2020/1/2,348.12,,,,,,,,
2020/1/3,344.86,,,,,,,,
2020/1/6,344.98,,,,,,,,
2020/1/7,344.54,,,,,,,,
2020/1/8,344.5,,,,,,,,
2020/1/9,346.53,,,,,,,,
2020/1/10,349.36,,,,,,,,
2020/1/13,349.45,,,,,,,,
2020/1/14,350.94,,,,,,,,
2020/1/15,350.28,,,,,,,,
2020/1/16,344.81,,,,,,,,
2020/1/17,350.6,,,,,,,,
2020/1/21,350.29,,,,,,,,
2020/1/22,350.51,,,,,,,,
2020/1/23,351.35,,,,,,,,
2020/1/24,346.8,,,,,,,,
2020/1/27,343.73,,,,,,,,
2020/1/28,345.46,,,,,,,,
2020/1/29,342.73,,,,,,,,
2020/1/30,340.06,,,,,,,,
2020/1/31,338.73,,,,,,,,
2020/2/3,338.43,,,,,,,,
2020/2/4,339.62,,,,,,,,
2020/2/5,340.36,,,,,,,,
2020/2/6,339.43,,,,,,,,
2020/2/7,341.79,,,,,,,,
2020/2/10,341.52,,,,,,,,
2020/2/11,340.56,,,,,,,,
2020/2/12,343.18,,,,,,,,
2020/2/13,341.51,,,,,,,,
2020/2/14,340.1,,,,,,,,
2020/2/18,346.01,,,,,,,,
2020/2/19,345.85,,,,,,,,
2020/2/20,343.24,,,,,,,,
2020/2/21,342.37,,,,,,,,
2020/2/24,335.04,,,,,,,,
2020/2/25,335.75,,,,,,,,
2020/2/26,334.48,,,,,,,,
2020/2/27,329.58,,,,,,,,
2020/2/28,328.76,,,,,,,,
2020/3/2,331.7,,,,,,,,
2020/3/3,334.4,,,,,,,,
2020/3/4,333.08,,,,,,,,
2020/3/5,330.18,,,,,,,,
2020/3/6,326.07,,,,,,,,
2020/3/9,322.38,,,,,,,,
2020/3/10,325.49,,,,,,,,
2020/3/11,321.91,,,,,,,,
2020/3/12,314.52,,,,,,,,
2020/3/13,313.74,,,,,,,,
2020/3/16,304.74,,,,,,,,
2020/3/17,301.69,,,,,,,,
2020/3/18,300.96,,,,,,,,
2020/3/19,308.72,,,,,,,,
2020/3/20,311.66,,,,,,,,
2020/3/23,317.11,,,,,,,,
2020/3/24,319.71,,,,,,,,
2020/3/25,323.46,,,,,,,,
2020/3/26,320.26,,,,,,,,
2020/3/27,317.63,,,,,,,,
2020/3/30,315.54,,,,,,,,
2020/3/31,315.3,,,,,,,,
2020/4/1,306.39,,,,,,,,
2020/4/2,305.96,,,,,,,,
2020/4/3,306.01,,,,,,,,
2020/4/6,307.93,,,,,,,,
2020/4/7,308.28,,,,,,,,
2020/4/8,308.27,,,,,,,,
2020/4/9,311.12,,,,,,,,
2020/4/13,309.19,,,,,,,,
2020/4/14,305.96,,,,,,,,
2020/4/15,303.08,,,,,,,,
2020/4/16,300.88,,,,,,,,
2020/4/17,302.77,,,,,,,,
2020/4/20,302.49,,,,,,,,
2020/4/21,299.98,,,,,,,,
2020/4/22,302.67,,,,,,,,
2020/4/23,303.26,,,,,,,,
2020/4/24,298.12,,,,,,,,
2020/4/27,293.14,,,,,,,,
2020/4/28,293.71,,,,,,,,
2020/4/29,294.55,,,,,,,,
2020/4/30,300.21,,,,,,,,
2020/5/1,299.13,,,,,,,,
2020/5/4,296.14,,,,,,,,
2020/5/5,297.82,,,,,,,,
2020/5/6,294.87,,,,,,,,
2020/5/7,297.65,,,,,,,,
2020/5/8,299.05,,,,,,,,
2020/5/11,298.12,,,,,,,,
2020/5/12,298.55,,,,,,,,
2020/5/13,293.87,,,,,,,,
2020/5/14,294.14,,,,,,,,
2020/5/15,294.41,,,,,,,,
2020/5/18,295.57,,,,,,,,
2020/5/19,296.1,,,,,,,,
2020/5/20,298.58,,,,,,,,
2020/5/21,296.74,,,,,,,,
2020/5/22,295.01,,,,,,,,
2020/5/26,296.88,,,,,,,,
2020/5/27,296.35,,,,,,,,
2020/5/28,299.41,,,,,,,,
2020/5/29,299.61,,,,,,,,
2020/6/1,299.33,,,,,,,,
2020/6/2,299.17,,,,,,,,
2020/6/3,301.59,,,,,,,,
2020/6/4,305.79,,,,,,,,
2020/6/5,306.24,,,,,,,,
2020/6/8,305.77,,,,,,,,
2020/6/9,303.36,,,,,,,,
2020/6/10,303.66,,,,,,,,
2020/6/11,301.86,,,,,,,,
2020/6/12,301.93,,,,,,,,
2020/6/15,301.24,,,,,,,,
2020/6/16,300.37,,,,,,,,
2020/6/17,300.12,,,,,,,,
2020/6/18,298.61,,,,,,,,
2020/6/19,299.24,,,,,,,,
2020/6/22,298.77,,,,,,,,
2020/6/23,297.35,,,,,,,,
2020/6/24,295.45,,,,,,,,
2020/6/25,294.19,,,,,,,,
2020/6/26,290.35,,,,,,,,
2020/6/29,295.29,,,,,,,,
2020/6/30,301.69,,,,,,,,
2020/7/1,307.68,,,,,,,,
2020/7/2,304.62,,,,,,,,
2020/7/6,305.04,,,,,,,,
2020/7/7,305.19,,,,,,,,
2020/7/8,308.85,,,,,,,,
2020/7/9,310.09,,,,,,,,
2020/7/10,306.97,,,,,,,,
2020/7/13,301.92,,,,,,,,
2020/7/14,300.14,,,,,,,,
2020/7/15,305.22,,,,,,,,
2020/7/16,304.73,,,,,,,,
2020/7/17,305.81,,,,,,,,
2020/7/20,302.86,,,,,,,,
2020/7/21,302.05,,,,,,,,
2020/7/22,305.82,,,,,,,,
2020/7/23,304.73,,,,,,,,
2020/7/24,304.7,,,,,,,,
2020/7/27,304.86,,,,,,,,
2020/7/28,301.7,,,,,,,,
2020/7/29,302.52,,,,,,,,
2020/7/30,303.39,,,,,,,,
2020/7/31,305.85,,,,,,,,
2020/8/3,305.36,,,,,,,,
2020/8/4,300.54,,,,,,,,
2020/8/5,301.29,,,,,,,,
2020/8/6,300.32,,,,,,,,
2020/8/7,296.29,,,,,,,,
2020/8/10,296.15,,,,,,,,
2020/8/11,297.39,,,,,,,,
2020/8/12,298.48,,,,,,,,
2020/8/13,305.08,,,,,,,,
2020/8/14,304.81,,,,,,,,
2020/8/17,310.37,,,,,,,,
2020/8/18,308.1,,,,,,,,
2020/8/19,309.5,,,,,,,,
2020/8/20,309.18,,,,,,,,
2020/8/21,310.04,,,,,,,,
2020/8/24,310.29,,,,,,,,
2020/8/25,315.56,,,,,,,,
2020/8/26,315.99,,,,,,,,
2020/8/27,320.75,,,,,,,,
2020/8/28,321.54,,,,,,,,
2020/8/31,322.53,,,,,,,,
2020/9/1,324.84,,,,,,,,
2020/9/2,324.03,,,,,,,,
2020/9/3,321,,,,,,,,
2020/9/4,321.84,,,,,,,,
2020/9/8,321.87,,,,,,,,
2020/9/9,321.56,,,,,,,,
2020/9/10,323.58,,,,,,,,
2020/9/11,325.05,,,,,,,,
2020/9/14,325.3,,,,,,,,
2020/9/15,323.41,,,,,,,,
2020/9/16,326.99,,,,,,,,
2020/9/17,331.69,,,,,,,,
2020/9/18,336.43,,,,,,,,
2020/9/21,328.6,,,,,,,,
2020/9/22,329.29,,,,,,,,
2020/9/23,327.07,,,,,,,,
2020/9/24,325.14,,,,,,,,
2020/9/25,325.44,,,,,,,,
2020/9/28,324.82,,,,,,,,
2020/9/29,324.41,,,,,,,,
2020/9/30,335.59,,,,,,,,
2020/10/1,335.1,,,,,,,,
2020/10/2,334.71,,,,,,,,
2020/10/5,336.67,,,,,,,,
2020/10/6,342.04,,,,,,,,
2020/10/7,346.86,,,,,,,,
2020/10/8,344.26,,,,,,,,
2020/10/9,347.84,,,,,,,,
2020/10/12,343.09,,,,,,,,
2020/10/13,344.88,,,,,,,,
2020/10/14,347.9,,,,,,,,
2020/10/15,353.61,,,,,,,,
2020/10/16,353.82,,,,,,,,
2020/10/19,356.49,,,,,,,,
2020/10/20,358.29,,,,,,,,
2020/10/21,359.71,,,,,,,,
2020/10/22,360.53,,,,,,,,
2020/10/23,363.05,,,,,,,,
2020/10/26,361.03,,,,,,,,
2020/10/27,359.5,,,,,,,,
2020/10/28,352.27,,,,,,,,
2020/10/29,349.12,,,,,,,,
2020/10/30,348.32,,,,,,,,
2020/11/2,350.55,,,,,,,,
2020/11/3,352.62,,,,,,,,
2020/11/4,354.85,,,,,,,,
2020/11/5,357.62,,,,,,,,
2020/11/6,356.32,,,,,,,,
2020/11/9,357.1,,,,,,,,
2020/11/10,364.58,,,,,,,,
2020/11/11,361.99,,,,,,,,
2020/11/12,358.63,,,,,,,,
2020/11/13,360.01,,,,,,,,
2020/11/16,364.83,,,,,,,,
2020/11/17,365.94,,,,,,,,
2020/11/18,369.03,,,,,,,,
2020/11/19,366.81,,,,,,,,
2020/11/20,367.28,,,,,,,,
2020/11/23,370.01,,,,,,,,
2020/11/24,371.22,,,,,,,,
2020/11/25,365.17,,,,,,,,
2020/11/27,370.51,,,,,,,,
2020/11/30,362.38,,,,,,,,
2020/12/1,358.61,,,,,,,,
2020/12/2,360.74,,,,,,,,
2020/12/3,362.05,,,,,,,,
2020/12/4,358.03,,,,,,,,
2020/12/7,359.4,,,,,,,,
2020/12/8,355.77,,,,,,,,
2020/12/9,361.25,,,,,,,,
2020/12/10,362.64,,,,,,,,
2020/12/11,366.27,,,,,,,,
2020/12/14,363.88,,,,,,,,
2020/12/15,365.8,,,,,,,,
2020/12/16,366.85,,,,,,,,
2020/12/17,371.99,,,,,,,,
2020/12/18,373.54,,,,,,,,
2020/12/21,375.81,,,,,,,,
2020/12/22,377.72,,,,,,,,
2020/12/23,382.47,,,,,,,,
2020/12/24,383.92,,,,,,,,
2020/12/28,382.56,,,,,,,,
2020/12/29,388.92,,,,,,,,
2020/12/30,395.86,,,,,,,,
2020/12/31,399.95,,,,,,,,
2021/1/4,400.51,,,,,,,,
2021/1/5,407.76,,,,,,,,
2021/1/6,408.14,,,,,,,,
2021/1/7,405.16,,,,,,,,
2021/1/8,406.69,,,,,,,,
2021/1/11,405.06,,,,,,,,
2021/1/12,419.32,,,,,,,,
2021/1/13,421.07,,,,,,,,
2021/1/14,429.07,,,,,,,,
2021/1/15,427.88,,,,,,,,
2021/1/19,423.42,,,,,,,,
2021/1/20,420.65,,,,,,,,
2021/1/21,420.34,,,,,,,,
2021/1/22,405.08,,,,,,,,
2021/1/25,412.16,,,,,,,,
2021/1/26,421.91,,,,,,,,
2021/1/27,421.53,,,,,,,,
2021/1/28,417.42,,,,,,,,
2021/1/29,424.86,,,,,,,,
2021/2/1,423.99,,,,,,,,
2021/2/2,421.11,,,,,,,,
2021/2/3,424.65,,,,,,,,
2021/2/4,423.8,,,,,,,,
2021/2/5,424.33,,,,,,,,
2021/2/8,432.04,,,,,,,,
2021/2/9,431.16,,,,,,,,
2021/2/10,419.62,,,,,,,,
2021/2/11,422.11,,,,,,,,
2021/2/12,422.03,,,,,,,,
2021/2/16,431.04,,,,,,,,
2021/2/17,429.59,,,,,,,,
2021/2/18,432.63,,,,,,,,
2021/2/19,430.59,,,,,,,,
2021/2/22,438.29,,,,,,,,
2021/2/23,439.66,,,,,,,,
2021/2/24,445.24,,,,,,,,
2021/2/25,438.93,,,,,,,,
2021/2/26,433.96,,,,,,,,
2021/3/1,429.28,,,,,,,,
2021/3/2,434.99,,,,,,,,
2021/3/3,428.96,,,,,,,,
2021/3/4,427.34,,,,,,,,
2021/3/5,432.41,,,,,,,,
2021/3/8,431.82,,,,,,,,
2021/3/9,431.52,,,,,,,,
2021/3/10,426,,,,,,,,
2021/3/11,427.83,,,,,,,,
2021/3/12,426.68,,,,,,,,
2021/3/15,430.16,,,,,,,,
2021/3/16,432.69,,,,,,,,
2021/3/17,431.13,,,,,,,,
2021/3/18,423.7,,,,,,,,
2021/3/19,426.98,,,,,,,,
2021/3/22,424.12,,,,,,,,
2021/3/23,425.07,,,,,,,,
2021/3/24,424.78,,,,,,,,
2021/3/25,417.45,,,,,,,,
2021/3/26,419.26,,,,,,,,
2021/3/29,416.91,,,,,,,,
2021/3/30,410.19,,,,,,,,
2021/3/31,423.99,,,,,,,,
2021/4/1,417.89,,,,,,,,
2021/4/5,417.85,,,,,,,,
2021/4/6,419.79,,,,,,,,
2021/4/7,421.15,,,,,,,,
2021/4/8,429.31,,,,,,,,
2021/4/9,430.5,,,,,,,,
2021/4/12,424.81,,,,,,,,
2021/4/13,429.69,,,,,,,,
2021/4/14,439.17,,,,,,,,
2021/4/15,441.19,,,,,,,,
2021/4/16,441.02,,,,,,,,
2021/4/19,442.95,,,,,,,,
2021/4/20,450.13,,,,,,,,
2021/4/21,458.18,,,,,,,,
2021/4/22,473.06,,,,,,,,
2021/4/23,475.14,,,,,,,,
2021/4/26,488.99,,,,,,,,
2021/4/27,488.72,,,,,,,,
2021/4/28,481.7,,,,,,,,
2021/4/29,480.85,,,,,,,,
2021/4/30,490.7,,,,,,,,
2021/5/3,488.1,,,,,,,,
2021/5/4,495.61,,,,,,,,
2021/5/5,504.14,,,,,,,,
2021/5/6,511.85,,,,,,,,
2021/5/7,517.74,,,,,,,,
2021/5/10,506.3,,,,,,,,
2021/5/11,513.81,,,,,,,,
2021/5/12,510.76,,,,,,,,
2021/5/13,488.74,,,,,,,,
2021/5/14,480.19,,,,,,,,
2021/5/17,481.7,,,,,,,,
2021/5/18,483.61,,,,,,,,
2021/5/19,476.97,,,,,,,,
2021/5/20,477,,,,,,,,
2021/5/21,474.56,,,,,,,,
2021/5/24,471.99,,,,,,,,
2021/5/25,461.16,,,,,,,,
2021/5/26,460.52,,,,,,,,
2021/5/27,478.46,,,,,,,,
2021/5/28,475.1,,,,,,,,
2021/6/1,490.52,,,,,,,,
2021/6/2,486.95,,,,,,,,
2021/6/3,480.05,,,,,,,,
2021/6/4,491.34,,,,,,,,
2021/6/7,486,,,,,,,,
2021/6/8,489.36,,,,,,,,
2021/6/9,490.66,,,,,,,,
2021/6/10,493.32,,,,,,,,
2021/6/11,487.92,,,,,,,,
2021/6/14,473.53,,,,,,,,
2021/6/15,467.16,,,,,,,,
2021/6/16,463.9,,,,,,,,
2021/6/17,440.16,,,,,,,,
2021/6/18,456.41,,,,,,,,
2021/6/21,456.03,,,,,,,,
2021/6/22,447.75,,,,,,,,
2021/6/23,450.12,,,,,,,,
2021/6/24,447.67,,,,,,,,
2021/6/25,440.36,,,,,,,,
2021/6/28,454.59,,,,,,,,
2021/6/29,453.86,,,,,,,,
2021/6/30,476.35,,,,,,,,
2021/7/1,473.94,,,,,,,,
2021/7/2,469.44,,,,,,,,
2021/7/6,445.64,,,,,,,,
2021/7/7,444.42,,,,,,,,
2021/7/8,441.25,,,,,,,,
2021/7/9,439.95,,,,,,,,
2021/7/12,449.86,,,,,,,,
2021/7/13,450.57,,,,,,,,
2021/7/14,461.32,,,,,,,,
2021/7/15,463.42,,,,,,,,
2021/7/16,466.69,,,,,,,,
2021/7/19,462.45,,,,,,,,
2021/7/20,471.34,,,,,,,,
2021/7/21,474.94,,,,,,,,
2021/7/22,470.65,,,,,,,,
2021/7/23,464.59,,,,,,,,
2021/7/26,467.64,,,,,,,,
2021/7/27,466.64,,,,,,,,
2021/7/28,470.18,,,,,,,,
2021/7/29,475.2,,,,,,,,
2021/7/30,466.36,,,,,,,,
2021/8/2,473.77,,,,,,,,
2021/8/3,469.32,,,,,,,,
2021/8/4,466.96,,,,,,,,
2021/8/5,471.14,,,,,,,,
2021/8/6,473.46,,,,,,,,
2021/8/9,470.28,,,,,,,,
2021/8/10,476.69,,,,,,,,
2021/8/11,478.1,,,,,,,,
2021/8/12,487.43,,,,,,,,
2021/8/13,491.4,,,,,,,,
2021/8/16,490.51,,,,,,,,
2021/8/17,484.26,,,,,,,,
2021/8/18,485.29,,,,,,,,
2021/8/19,475.73,,,,,,,,
2021/8/20,467.07,,,,,,,,
2021/8/23,467.61,,,,,,,,
2021/8/24,473.68,,,,,,,,
2021/8/25,475.24,,,,,,,,
2021/8/26,476.81,,,,,,,,
2021/8/27,477.86,,,,,,,,
2021/8/30,473.05,,,,,,,,
2021/8/31,467.7,,,,,,,,
2021/9/1,461.71,,,,,,,,
2021/9/2,464.37,,,,,,,,
2021/9/3,465.97,,,,,,,,
2021/9/7,460.27,,,,,,,,
2021/9/8,457.97,,,,,,,,
2021/9/9,452.86,,,,,,,,
2021/9/10,454.48,,,,,,,,
2021/9/13,453.41,,,,,,,,
2021/9/14,457.62,,,,,,,,
2021/9/15,465.65,,,,,,,,
2021/9/16,464.52,,,,,,,,
2021/9/17,461.27,,,,,,,,
2021/9/20,454.2,,,,,,,,
2021/9/21,452.92,,,,,,,,
2021/9/22,459.78,,,,,,,,
2021/9/23,464.65,,,,,,,,
2021/9/24,465.46,,,,,,,,
2021/9/27,468.76,,,,,,,,
2021/9/28,465.18,,,,,,,,
2021/9/29,468,,,,,,,,
2021/9/30,471.25,,,,,,,,
2021/10/1,477.04,,,,,,,,
2021/10/4,474.85,,,,,,,,
2021/10/5,473.7,,,,,,,,
2021/10/6,472.66,,,,,,,,
2021/10/7,473.69,,,,,,,,
2021/10/8,472.65,,,,,,,,
2021/10/11,471.8,,,,,,,,
2021/10/12,466.72,,,,,,,,
2021/10/13,458.91,,,,,,,,
2021/10/14,462.44,,,,,,,,
2021/10/15,467.26,,,,,,,,
2021/10/18,468.46,,,,,,,,
2021/10/19,467.61,,,,,,,,
2021/10/20,474.64,,,,,,,,
2021/10/21,467.93,,,,,,,,
2021/10/22,473.05,,,,,,,,
2021/10/25,476.09,,,,,,,,
2021/10/26,477.99,,,,,,,,
2021/10/27,482.87,,,,,,,,
2021/10/28,486.52,,,,,,,,
2021/10/29,487.98,,,,,,,,
2021/11/1,497.22,,,,,,,,
2021/11/2,494.24,,,,,,,,
2021/11/3,489.6,,,,,,,,
2021/11/4,485.46,,,,,,,,
2021/11/5,481.47,,,,,,,,
2021/11/8,479.64,,,,,,,,
2021/11/9,485.53,,,,,,,,
2021/11/10,492.83,,,,,,,,
2021/11/11,496.78,,,,,,,,
2021/11/12,501.64,,,,,,,,
2021/11/15,503.03,,,,,,,,
2021/11/16,498.9,,,,,,,,
2021/11/17,506.93,,,,,,,,
2021/11/18,503.14,,,,,,,,
2021/11/19,503.71,,,,,,,,
2021/11/22,509.6,,,,,,,,
2021/11/23,514.6,,,,,,,,
2021/11/24,510.93,,,,,,,,
2021/11/26,506.66,,,,,,,,
2021/11/29,498.92,,,,,,,,
2021/11/30,484.22,,,,,,,,
2021/12/1,485.67,,,,,,,,
2021/12/2,492.8,,,,,,,,
2021/12/3,495.45,,,,,,,,
2021/12/6,497.78,,,,,,,,
2021/12/7,497.96,,,,,,,,
2021/12/8,497.63,,,,,,,,
2021/12/9,495.31,,,,,,,,
2021/12/10,495.53,,,,,,,,
2021/12/13,494.02,,,,,,,,
2021/12/14,495.83,,,,,,,,
2021/12/15,489.05,,,,,,,,
2021/12/16,495.54,,,,,,,,
2021/12/17,495.76,,,,,,,,
2021/12/20,492.79,,,,,,,,
2021/12/21,501.44,,,,,,,,
2021/12/22,508.92,,,,,,,,
2021/12/23,510.46,,,,,,,,
2021/12/27,513.48,,,,,,,,
2021/12/28,505.51,,,,,,,,
2021/12/29,508.19,,,,,,,,
2021/12/30,501.82,,,,,,,,
2021/12/31,498.74,,,,,,,,
2022/1/3,496.36,,,,,,,,
2022/1/4,508.14,,,,,,,,
2022/1/5,503.64,,,,,,,,
2022/1/6,499.85,,,,,,,,
2022/1/7,504.98,,,,,,,,
2022/1/10,500.97,,,,,,,,
2022/1/11,504.44,,,,,,,,
2022/1/12,504.18,,,,,,,,
2022/1/13,496.23,,,,,,,,
2022/1/14,498.56,,,,,,,,
2022/1/18,504.51,,,,,,,,
2022/1/19,516.69,,,,,,,,
2022/1/20,517.7,,,,,,,,
2022/1/21,515.13,,,,,,,,
2022/1/24,517.93,,,,,,,,
2022/1/25,521.57,,,,,,,,
2022/1/26,522.16,,,,,,,,
2022/1/27,517.69,,,,,,,,
2022/1/28,524.41,,,,,,,,
2022/1/31,520.7,,,,,,,,
2022/2/1,527.92,,,,,,,,
2022/2/2,522.19,,,,,,,,
2022/2/3,521.47,,,,,,,,
2022/2/4,525.4,,,,,,,,
2022/2/7,531.3,,,,,,,,
2022/2/8,532.71,,,,,,,,
2022/2/9,541.47,,,,,,,,
2022/2/10,535.7,,,,,,,,
2022/2/11,542.32,,,,,,,,
2022/2/14,541.17,,,,,,,,
2022/2/15,532.17,,,,,,,,
2022/2/16,536.64,,,,,,,,
2022/2/17,540.96,,,,,,,,
2022/2/18,542.56,,,,,,,,
2022/2/22,558.54,,,,,,,,
2022/2/23,569.12,,,,,,,,
2022/2/24,576.39,,,,,,,,
2022/2/25,549.08,,,,,,,,
2022/2/28,573.16,,,,,,,,
2022/3/1,597.53,,,,,,,,
2022/3/2,606.09,,,,,,,,
2022/3/3,625.16,,,,,,,,
2022/3/4,638.41,,,,,,,,
2022/3/7,649.22,,,,,,,,
2022/3/8,650.48,,,,,,,,
2022/3/9,628.23,,,,,,,,
2022/3/10,619.07,,,,,,,,
2022/3/11,624.71,,,,,,,,
2022/3/14,618.51,,,,,,,,
2022/3/15,627.51,,,,,,,,
2022/3/16,606.31,,,,,,,,
2022/3/17,619.16,,,,,,,,
2022/3/18,613.54,,,,,,,,
2022/3/21,629.98,,,,,,,,
2022/3/22,629.53,,,,,,,,
2022/3/23,631.09,,,,,,,,
2022/3/24,623.92,,,,,,,,
2022/3/25,631.21,,,,,,,,
2022/3/28,619.37,,,,,,,,
2022/3/29,603.19,,,,,,,,
2022/3/30,612.93,,,,,,,,
2022/3/31,608.41,,,,,,,,
2022/4/1,598.33,,,,,,,,
2022/4/4,609.88,,,,,,,,
2022/4/5,620.65,,,,,,,,
2022/4/6,617.09,,,,,,,,
2022/4/7,616.2,,,,,,,,
2022/4/8,629.64,,,,,,,,
2022/4/11,632.99,,,,,,,,
2022/4/12,642.06,,,,,,,,
2022/4/13,645.62,,,,,,,,
2022/4/14,643.61,,,,,,,,
2022/4/18,657.26,,,,,,,,
2022/4/19,649.21,,,,,,,,
2022/4/20,651.76,,,,,,,,
2022/4/21,645.76,,,,,,,,
2022/4/22,639.62,,,,,,,,
2022/4/25,638.98,,,,,,,,
2022/4/26,643.17,,,,,,,,
2022/4/27,647.57,,,,,,,,
2022/4/28,649.49,,,,,,,,
2022/4/29,643.97,,,,,,,,
2022/5/2,638.39,,,,,,,,
2022/5/3,632.62,,,,,,,,
2022/5/4,640.63,,,,,,,,
2022/5/5,645.85,,,,,,,,
2022/5/6,638.9,,,,,,,,
2022/5/9,628.66,,,,,,,,
2022/5/10,629.96,,,,,,,,
2022/5/11,640.52,,,,,,,,
2022/5/12,653.03,,,,,,,,
2022/5/13,654.3,,,,,,,,
2022/5/16,678.56,,,,,,,,
2022/5/17,682.55,,,,,,,,
2022/5/18,665.77,,,,,,,,
2022/5/19,664.36,,,,,,,,
2022/5/20,656.71,,,,,,,,
2022/5/23,660.81,,,,,,,,
2022/5/24,650.73,,,,,,,,
2022/5/25,650.35,,,,,,,,
2022/5/26,650.58,,,,,,,,
2022/5/27,656.36,,,,,,,,
2022/5/31,634.66,,,,,,,,
2022/6/1,622.39,,,,,,,,
2022/6/2,628.3,,,,,,,,
2022/6/3,620.67,,,,,,,,
2022/6/6,634.7,,,,,,,,
2022/6/7,634.8,,,,,,,,
2022/6/8,639.23,,,,,,,,
2022/6/9,644.52,,,,,,,,
2022/6/10,641.52,,,,,,,,
2022/6/13,637.13,,,,,,,,
2022/6/14,632.15,,,,,,,,
2022/6/15,629.97,,,,,,,,
2022/6/16,640.26,,,,,,,,
2022/6/17,630.58,,,,,,,,
2022/6/21,609.63,,,,,,,,
2022/6/22,602.86,,,,,,,,
2022/6/23,578.45,,,,,,,,
2022/6/24,579.09,,,,,,,,
2022/6/27,568.91,,,,,,,,
2022/6/28,576.24,,,,,,,,
2022/6/29,577.89,,,,,,,,
2022/6/30,559.64,,,,,,,,
2022/7/1,543.39,,,,,,,,
2022/7/5,519.89,,,,,,,,
2022/7/6,520.34,,,,,,,,
2022/7/7,534.46,,,,,,,,
2022/7/8,555.78,,,,,,,,
2022/7/11,550.27,,,,,,,,
2022/7/12,523.21,,,,,,,,
2022/7/13,524.82,,,,,,,,
2022/7/14,519.38,,,,,,,,
2022/7/15,519.72,,,,,,,,
2022/7/18,535.16,,,,,,,,
2022/7/19,527.54,,,,,,,,
2022/7/20,525.29,,,,,,,,
2022/7/21,514.59,,,,,,,,
2022/7/22,502.08,,,,,,,,
2022/7/25,510.91,,,,,,,,
2022/7/26,526.25,,,,,,,,
2022/7/27,527.45,,,,,,,,
2022/7/28,539.59,,,,,,,,
2022/7/29,539.84,,,,,,,,
2022/8/1,529.97,,,,,,,,
2022/8/2,519.85,,,,,,,,
2022/8/3,517.45,,,,,,,,
2022/8/4,528.09,,,,,,,,
2022/8/5,528.23,,,,,,,,
2022/8/8,527.88,,,,,,,,
2022/8/9,533.77,,,,,,,,
2022/8/10,540.66,,,,,,,,
2022/8/11,549.13,,,,,,,,
2022/8/12,554.98,,,,,,,,
2022/8/15,548.52,,,,,,,,
2022/8/16,538.43,,,,,,,,
2022/8/17,534.59,,,,,,,,
2022/8/18,529.28,,,,,,,,
2022/8/19,537.56,,,,,,,,
2022/8/22,544.72,,,,,,,,
2022/8/23,556.14,,,,,,,,
2022/8/24,561.37,,,,,,,,
2022/8/25,552.87,,,,,,,,
2022/8/26,564.4,,,,,,,,
2022/8/29,573.53,,,,,,,,
2022/8/30,565.37,,,,,,,,
2022/8/31,564.73,,,,,,,,
2022/9/1,550.38,,,,,,,,
2022/9/2,555.45,,,,,,,,
2022/9/6,557.44,,,,,,,,
2022/9/7,557.8,,,,,,,,
2022/9/8,555.31,,,,,,,,
2022/9/9,570.65,,,,,,,,
2022/9/12,578.5,,,,,,,,
2022/9/13,575.73,,,,,,,,
2022/9/14,572.33,,,,,,,,
2022/9/15,566.77,,,,,,,,
2022/9/16,566.4,,,,,,,,
2022/9/19,562.13,,,,,,,,
2022/9/20,578.47,,,,,,,,
2022/9/21,577.55,,,,,,,,
2022/9/22,580.07,,,,,,,,
2022/9/23,566.39,,,,,,,,
2022/9/26,557.62,,,,,,,,
2022/9/27,560.16,,,,,,,,
2022/9/28,567.68,,,,,,,,
2022/9/29,565.03,,,,,,,,
2022/9/30,567.44,,,,,,,,
2022/10/3,566.03,,,,,,,,
2022/10/4,569.47,,,,,,,,
2022/10/5,567.87,,,,,,,,
2022/10/6,560.71,,,,,,,,
2022/10/7,565.08,,,,,,,,
2022/10/10,580.87,,,,,,,,
2022/10/11,573.94,,,,,,,,
2022/10/12,569.37,,,,,,,,
2022/10/13,572.11,,,,,,,,
2022/10/14,562.19,,,,,,,,
2022/10/17,560.31,,,,,,,,
2022/10/18,556.34,,,,,,,,
2022/10/19,552.75,,,,,,,,
2022/10/20,556.08,,,,,,,,
2022/10/21,557.16,,,,,,,,
2022/10/24,551.13,,,,,,,,
2022/10/25,552.71,,,,,,,,
2022/10/26,551.81,,,,,,,,
2022/10/27,549.16,,,,,,,,
2022/10/28,545.23,,,,,,,,
2022/10/31,561.26,,,,,,,,
2022/11/1,570.16,,,,,,,,
2022/11/2,560.94,,,,,,,,
2022/11/3,556.81,,,,,,,,
2022/11/4,563.47,,,,,,,,
2022/11/7,560.89,,,,,,,,
2022/11/8,556.09,,,,,,,,
2022/11/9,552.75,,,,,,,,
2022/11/10,547.78,,,,,,,,
2022/11/11,554.15,,,,,,,,
2022/11/14,552.8,,,,,,,,
2022/11/15,559.68,,,,,,,,
2022/11/16,555.07,,,,,,,,
2022/11/17,549.92,,,,,,,,
2022/11/18,550.65,,,,,,,,
2022/11/21,548.04,,,,,,,,
2022/11/22,546.07,,,,,,,,
2022/11/23,548.71,,,,,,,,
2022/11/25,546.75,,,,,,,,
2022/11/28,545.12,,,,,,,,
2022/11/29,546.3,,,,,,,,
2022/11/30,550.65,,,,,,,,
2022/12/1,543.38,,,,,,,,
2022/12/2,535.22,,,,,,,,
2022/12/5,529.79,,,,,,,,
2022/12/6,528.48,,,,,,,,
2022/12/7,533.31,,,,,,,,
2022/12/8,534.33,,,,,,,,
2022/12/9,532.19,,,,,,,,
2022/12/12,537.44,,,,,,,,
2022/12/13,540.46,,,,,,,,
2022/12/14,540.01,,,,,,,,
2022/12/15,541.32,,,,,,,,
2022/12/16,539.98,,,,,,,,
2022/12/19,537.29,,,,,,,,
2022/12/20,543.22,,,,,,,,
2022/12/21,550.36,,,,,,,,
2022/12/22,547.54,,,,,,,,
2022/12/23,553.34,,,,,,,,
2022/12/27,553.71,,,,,,,,
2022/12/28,559.57,,,,,,,,
2022/12/29,556.19,,,,,,,,
2022/12/30,559.25,,,,,,,,
2023/1/3,550.67,,,,,,,,
2023/1/4,538.36,,,,,,,,
2023/1/5,537.44,,,,,,,,
2023/1/6,538.56,,,,,,,,
2023/1/9,538.62,,,,,,,,
2023/1/10,536.32,,,,,,,,
2023/1/11,537.96,,,,,,,,
2023/1/12,545.03,,,,,,,,
2023/1/13,548.29,,,,,,,,
2023/1/17,555.05,,,,,,,,
2023/1/18,551.27,,,,,,,,
2023/1/19,546.94,,,,,,,,
2023/1/20,549.04,,,,,,,,
2023/1/23,541.85,,,,,,,,
2023/1/24,547.46,,,,,,,,
2023/1/25,550.42,,,,,,,,
2023/1/26,559.25,,,,,,,,
2023/1/27,559.13,,,,,,,,
2023/1/30,562.15,,,,,,,,
2023/1/31,565.82,,,,,,,,
2023/2/1,563.03,,,,,,,,
2023/2/2,563.8,,,,,,,,
2023/2/3,561.29,,,,,,,,
2023/2/6,558.68,,,,,,,,
2023/2/7,558.79,,,,,,,,
2023/2/8,563.22,,,,,,,,
2023/2/9,559.61,,,,,,,,
2023/2/10,569.25,,,,,,,,
2023/2/13,571.24,,,,,,,,
2023/2/14,571.03,,,,,,,,
2023/2/15,563.69,,,,,,,,
2023/2/16,564.23,,,,,,,,
2023/2/17,566.26,,,,,,,,
2023/2/21,568.28,,,,,,,,
2023/2/22,563.52,,,,,,,,
2023/2/23,558.85,,,,,,,,
2023/2/24,549.73,,,,,,,,
2023/2/27,546.76,,,,,,,,
2023/2/28,538.92,,,,,,,,
2023/3/1,544.11,,,,,,,,
2023/3/2,543.99,,,,,,,,
2023/3/3,546.5,,,,,,,,
2023/3/6,544.6,,,,,,,,
2023/3/7,543.13,,,,,,,,
2023/3/8,538.49,,,,,,,,
2023/3/9,530.38,,,,,,,,
2023/3/10,533.47,,,,,,,,
2023/3/13,532.3,,,,,,,,
2023/3/14,536.26,,,,,,,,
2023/3/15,536.73,,,,,,,,
2023/3/16,540.2,,,,,,,,
2023/3/17,540.78,,,,,,,,
2023/3/20,539.6,,,,,,,,
2023/3/21,536.01,,,,,,,,
2023/3/22,533.54,,,,,,,,
2023/3/23,529.68,,,,,,,,
2023/3/24,538.59,,,,,,,,
2023/3/27,544.28,,,,,,,,
2023/3/28,548.56,,,,,,,,
2023/3/29,550.13,,,,,,,,
2023/3/30,550.39,,,,,,,,
2023/3/31,557,,,,,,,,
2023/4/3,558.59,,,,,,,,
2023/4/4,556.46,,,,,,,,
2023/4/5,555.86,,,,,,,,
2023/4/6,554.12,,,,,,,,
2023/4/10,557.43,,,,,,,,
2023/4/11,559.74,,,,,,,,
2023/4/12,560.27,,,,,,,,
2023/4/13,558.47,,,,,,,,
2023/4/14,564.73,,,,,,,,
2023/4/17,573.13,,,,,,,,
2023/4/18,575.69,,,,,,,,
2023/4/19,568.31,,,,,,,,
2023/4/20,561.72,,,,,,,,
2023/4/21,554.89,,,,,,,,
2023/4/24,552.29,,,,,,,,
2023/4/25,549.72,,,,,,,,
2023/4/26,545.08,,,,,,,,
2023/4/27,537.66,,,,,,,,
2023/4/28,541.06,,,,,,,,
2023/5/1,536.85,,,,,,,,
2023/5/2,530.83,,,,,,,,
2023/5/3,539.5,,,,,,,,
2023/5/4,542.87,,,,,,,,
2023/5/5,554.14,,,,,,,,
,,,,,,,,,
,,,,,,,,,
,,,,,,,,,
,,,,,,,,,
,,,,,,,,,
,,,,,,,,,
,,,,,,,,,
,,,,,,,,,
,,,,,,,,,
,,,,,,,,,
,,,,,,,,,
,,,,,,,,,
,,,,,,,,,
,,,,,,,,,
,,,,,,,,,
,,,,,,,,,
,,,,,,,,,
,,,,,,,,,
,,,,,,,,,
,,,,,,,,,
,,,,,,,,,
,,,,,,,,,
,,,,,,,,,
,,,,,,,,,
,,,,,,,,,
,,,,,,,,,
,,,,,,,,,
,,,,,,,,,
,,,,,,,,,
,,,,,,,,,
,,,,,,,,,
,,,,,,,,,
,,,,,,,,,
,,,,,,,,,
,,,,,,,,,
,,,,,,,,,
,,,,,,,,,
,,,,,,,,,
,,,,,,,,,
,,,,,,,,,
,,,,,,,,,
,,,,,,,,,
,,,,,,,,,
,,,,,,,,,
,,,,,,,,,
,,,,,,,,,
,,,,,,,,,
,,,,,,,,,
,,,,,,,,,
,,,,,,,,,
,,,,,,,,,
,,,,,,,,,
,,,,,,,,,
,,,,,,,,,
,,,,,,,,,
,,,,,,,,,
,,,,,,,,,
,,,,,,,,,
,,,,,,,,,
,,,,,,,,,
,,,,,,,,,
,,,,,,,,,
,,,,,,,,,
,,,,,,,,,
,,,,,,,,,
,,,,,,,,,
,,,,,,,,,
,,,,,,,,,
,,,,,,,,,
,,,,,,,,,
,,,,,,,,,
,,,,,,,,,
